Ma_SP,Ten_SP,Hang,Nhom_Hang,Gia,Ton_Kho,Khuyen_Mai,Bao_Hanh,SL_Toi_Thieu,Ghi_Chu,Image_URL,Product_Link
HD-001,Bo noi (Con) Winner X,Honda,Dong co,1850000,True,5%,6 thang,5.0,Bo 6 lo xo do bat cuc tot,,
HD-002,Loc gio Air Blade 125/150,Honda,Phu tung tieu hao,145000,True,Mua 2 tang 1,Khong,20.0,Thay dinh ky moi 10.000km,,
HD-003,Heo dau truoc SH 150i,Honda,He thong phanh,1250000,False,0,12 thang,2.0,Loai 2 Piston ho tro ABS,,
HD-004,Day curoa V-Belt Vision,Honda,Truyen dong,420000,True,Free cong,6 thang,10.0,Chinh hang Honda Thai Lan,,
HD-005,Bugi NGK Iridium Lead 125,Honda,He thong dien,220000,True,0,Khong,15.0,Danh lua manh tiet kiem xang,,
HD-006,Nhong sen dia Wave RSX,Honda,Truyen dong,350000,True,Tang mo sen,3 thang,12.0,Thep C45 sieu ben,,
HD-007,Phuoc sau SH Mode,Honda,Giam xoc,1100000,True,10%,12 thang,4.0,Do dan hoi em ai,,
HD-008,Ma phanh truoc PCX,Honda,He thong phanh,180000,True,0,Khong,25.0,Hop chat gom it bui den,,
HD-009,Guong chieu hau SH Y,Honda,Phu kien,450000,True,0,Khong,6.0,Mat kinh chong choi,,
HD-010,Bi noi (6 vien) Vario 150,Honda,Dong co,280000,True,0,Khong,15.0,Trong luong 15g chuan zin,,
HD-011,Binh ac quy GS 12V-5Ah,Honda,He thong dien,380000,True,Thu binh cu,6 thang,10.0,Dung cho xe tay ga,,
HD-012,Lop truoc IRC City Grip,Honda,Lop xe,650000,True,5%,6 thang,8.0,Chong truot duong mua,,
HD-013,Tay thang Brembo 1:1,Honda,He thong phanh,850000,False,0,3 thang,3.0,Co nac tang chinh do xa,,
HD-014,Choa den pha Wave Alpha,Honda,He thong chieu sang,550000,True,0,6 thang,5.0,Kinh mica cao cap chong mo,,
HD-015,Mobin suon Kozi,Honda,He thong dien,450000,True,0,6 thang,5.0,Tang hieu suat dot chay,,
HD-016,Cu de Dream,Honda,Dong co,420000,True,0,6 thang,4.0,Loi dong 100%,,
HD-017,Bom xang SH,Honda,He thong nhien lieu,1650000,True,0,12 thang,3.0,Ap suat chuan 3kgf/cm2,,
HD-018,Bo bac Future,Honda,Dong co,250000,True,0,3 thang,10.0,Size chuan Standard,,
HD-019,Ron quy lat Winner,Honda,Dong co,85000,True,0,Khong,30.0,Thep la chiu nhiet cao,,
HD-020,Kim phun xang 125cc,Honda,He thong nhien lieu,750000,False,0,6 thang,5.0,Lo phun toi chong ngheat,,
HD-021,Bo bi co Vision,Honda,Phu tung khung,160000,True,0,3 thang,20.0,Thep toi cung chong lun,,
HD-022,Po xe Vario 160,Honda,He thong xa,2100000,True,5%,6 thang,2.0,Thiet ke the thao moi,,
HD-023,Dan ao nhua nham AB,Honda,Dan nhua,950000,True,0,Khong,3.0,Full bo 5 mon nhua PP,,
HD-024,Gac chan sau SH,Honda,Phu kien,320000,True,0,6 thang,10.0,Nhom duc nguyen khoi,,
HD-025,O khoa Smartkey V3,Honda,He thong dien,3500000,True,Tang remote,24 thang,2.0,Chong trom tuyet doi,,
YM-001,Nhong sen dia Exciter 155,Yamaha,Truyen dong,680000,True,Tang mo sen,3 thang,12.0,Sen phot cao su O-ring,,
YM-002,Phuoc binh dau NVX,Yamaha,Giam xoc,3200000,True,10%,12 thang,3.0,Hang nhap Thai tuy chinh,,
YM-003,Loc dau Janus / Grande,Yamaha,Phu tung tieu hao,65000,True,0,Khong,50.0,Thay kem khi thay nhot,,
YM-004,Day curoa Gates Exciter,Yamaha,Truyen dong,550000,True,0,6 thang,10.0,Chiu nhiet va chiu tai cao,,
YM-005,Bi noi Yamaha Mio,Yamaha,Dong co,180000,True,0,Khong,15.0,Trong luong chuan nhe,,
YM-006,Ma phanh sau Sirius,Yamaha,He thong phanh,120000,True,Giam 10%,Khong,20.0,Bo thang khong amian,,
YM-007,Loc gio Yamaha Freego,Yamaha,Phu tung tieu hao,165000,True,0,Khong,15.0,Ngan bui min hieu qua,,
YM-008,Den hau LED Jupiter,Yamaha,He thong chieu sang,480000,False,0,6 thang,4.0,Do sang cao tiet kiem dien,,
YM-009,Binh xang con Centa 125,Yamaha,He thong nhien lieu,520000,True,0,6 thang,5.0,Dung cho Sirius/Jupiter,,
YM-010,Tem roi Exciter 150,Yamaha,Dan nhua,250000,True,0,Khong,10.0,Chat lieu decal 3 lop,,
YM-011,Ghi dong tran XSR 155,Yamaha,Phu tung khung,850000,True,0,12 thang,3.0,Hop kim nhom sieu nhe,,
YM-012,Vo xe Michelin City Extra,Yamaha,Lop xe,950000,True,Free lap,6 thang,6.0,Cong nghe chong dinh,,
YM-013,Bugi chan dai Grande,Yamaha,He thong dien,110000,True,0,Khong,20.0,Zin theo xe Yamaha,,
YM-014,Con tay Exciter,Yamaha,Truyen dong,950000,False,5%,6 thang,5.0,La sat va la bo chinh hang,,
YM-015,Tay dat sau Janus,Yamaha,Phu kien,350000,True,0,Khong,5.0,Nhua son tinh dien,,
YM-016,Cam bien Oxy Exciter,Yamaha,He thong dien,720000,True,0,6 thang,3.0,Giup ECU dieu tiet xang,,
YM-017,Piston & Bac R15 V3,Yamaha,Dong co,1450000,True,0,6 thang,2.0,Piston nen chiu luc,,
YM-018,Truc cam do Sirius,Yamaha,Dong co,850000,False,0,3 thang,4.0,Tang ma luc cho Sirius,,
YM-019,IC mo tua Shark,Yamaha,He thong dien,1200000,True,0,12 thang,5.0,Gan nhu zin khong che,,
YM-020,Dia phanh Galfer,Yamaha,He thong phanh,650000,True,0,6 thang,8.0,Size 245mm long nhom,,
YM-021,Ket nuoc lam mat NVX,Yamaha,He thong lam mat,1150000,True,Tang nuoc,12 thang,3.0,Nhom tan nhiet nhanh,,
YM-022,Chong do suon xe,Yamaha,Phu kien,450000,True,0,Khong,10.0,Nhom CNC chac chan,,
YM-023,Bao tay Spider,Yamaha,Phu kien,280000,True,0,Khong,20.0,Cao su mem chong truot,,
YM-024,Dong ho LCD Exciter 150,Yamaha,He thong dien,1950000,False,0,12 thang,2.0,Hien thi full thong so,,
YM-025,Sen vang DID 428HD,Yamaha,Truyen dong,480000,True,0,3 thang,15.0,Sen 10 ly do ben cao,,
35010-KVG-900,Ổ Khóa Máy Xe AB 2008-2010 (Khóa Điện),Honda,Khởi động xe Honda,1000000,True,,,,,https://api-website.kimthanh.com.vn/pub/media/catalog/product/3/5/35010-KVG-900_1_2.jpg,https://kimthanh.com.vn/ab-khoa-may-tl.html
64330KVGV40ZA,Ốp ổ khóa đồng Air Blade 2011 2012 đầu bò,Honda,không lấy được thông tin từ website,415000,True,,,,,https://api-website.kimthanh.com.vn/pub/media/catalog/product/6/4/64330kvgv40za.webp,https://kimthanh.com.vn/ab11-op-o-khoa-dong.html
4P8F83122000,Ốp ổ khóa đỏ Ultimo,Yamaha,không lấy được thông tin từ website,245000,True,,,,,https://api-website.kimthanh.com.vn/media/catalog/product/placeholder.png,https://kimthanh.com.vn/ul-cop-truoc-do.html
64320K56V20ZB,Ốp ổ khóa đỏ mờ Winner 2016 V1 đời đầu,Honda,Dàn nhựa Winner-Sonic,240000,True,,,,,https://api-website.kimthanh.com.vn/media/catalog/product/placeholder.png,https://kimthanh.com.vn/win-op-o-khoa-do-mo.html
64330KVGV40ZC,Ốp ổ khóa đỏ Air Blade 2011 2012 đầu bò,Honda,không lấy được thông tin từ website,275000,True,,,,,https://api-website.kimthanh.com.vn/pub/media/catalog/product/6/4/64330kvgv40zc.webp,https://kimthanh.com.vn/ab11-op-o-khoa-do.html
2XCF831200P2,Ốp ổ khóa đô Nouvo 6,Yamaha,không lấy được thông tin từ website,170000,True,,,,,https://api-website.kimthanh.com.vn/media/catalog/product/placeholder.png,https://kimthanh.com.vn/no6-op-o-khoa-do.html
64320K73V40ZB,Ốp ổ khóa đô Future LED 2019,Honda,Dàn nhựa Honda,185000,True,,,,,https://api-website.kimthanh.com.vn/pub/media/catalog/product/6/4/64320k73v40zb.webp,https://kimthanh.com.vn/fu20-op-o-khoa-do-r350c.html
64320K56V50ZA,Ốp ổ khóa đen Winner 2019 V2,Honda,không lấy được thông tin từ website,220000,True,,,,,https://api-website.kimthanh.com.vn/media/catalog/product/placeholder.png,https://kimthanh.com.vn/win19-op-o-khoa-den.html
4P8F83120000,Ốp ổ khóa đen Ultimo,Yamaha,không lấy được thông tin từ website,245000,True,,,,,https://api-website.kimthanh.com.vn/pub/media/catalog/product/4/p/4p8f83120000.jpg,https://kimthanh.com.vn/ul-cop-truoc-den.html
81142K1NV00ZB,Ốp ổ khóa đen SH Mode 2021,Honda,không lấy được thông tin từ website,35000,True,,,,,https://api-website.kimthanh.com.vn/pub/media/catalog/product/8/1/81142k1nv00zb.webp,https://kimthanh.com.vn/sh21-op-o-khoa-den.html
2XCF831200P0,Ốp ổ khóa đen Nouvo 6,Yamaha,không lấy được thông tin từ website,170000,True,,,,,https://api-website.kimthanh.com.vn/media/catalog/product/placeholder.png,https://kimthanh.com.vn/no6-op-o-khoa-den.html
64320K56V00ZA,Ốp ổ khóa đen mờ Winner 2016 V1 đời đầu,Honda,Dàn nhựa Winner-Sonic,240000,True,,,,,https://api-website.kimthanh.com.vn/media/catalog/product/placeholder.png,https://kimthanh.com.vn/win-op-o-khoa-den-mo.html
64320KPH700,Ốp ổ khóa đen mờ Future Neo 2005,Honda,Dàn nhựa Honda,65000,True,,,,,https://api-website.kimthanh.com.vn/pub/media/catalog/product/6/4/64320kph700.webp,https://kimthanh.com.vn/fu05-op-o-khoa-den-mo.html
64320K73V40ZF,Ốp ổ khóa đen mờ Future LED 2019,Honda,Dàn nhựa Honda,190000,True,,,,,https://api-website.kimthanh.com.vn/pub/media/catalog/product/6/4/64320k73v40zf.webp,https://kimthanh.com.vn/fu20-op-o-khoa-den-mo.html
64320K27630ZA,Ốp ổ khóa đen mờ có tem Air Blade 2013 - 2015 đèn cầu,Honda,Dàn nhựa Honda,330000,True,,,,,https://api-website.kimthanh.com.vn/pub/media/catalog/product/6/4/64320K27630ZA_1_3.jpg,https://kimthanh.com.vn/ab13-op-o-khoa-den-mo-co-tem.html
64320KVL930ZA,Ốp ổ khóa đen bóng không tem Future Neo 2005,Honda,Dàn nhựa Honda,175000,True,,,,,https://api-website.kimthanh.com.vn/media/catalog/product/placeholder.png,https://kimthanh.com.vn/fu05-op-o-khoa-den-bong-khong-tem.html
64320K73V40ZE,Ốp ổ khóa đen bóng Future LED 2019,Honda,Dàn nhựa Honda,190000,True,,,,,https://api-website.kimthanh.com.vn/pub/media/catalog/product/6/4/64320k73v40ze.webp,https://kimthanh.com.vn/fu20-op-o-khoa-den-bong.html
64540KVL940ZA,Ốp ổ khóa đen bóng có tem Future Neo 2005,,không lấy được thông tin từ website,170000,True,,,,,https://api-website.kimthanh.com.vn/pub/media/catalog/product/wp-content/uploads/2024/11/64540KVL940ZA.jpg,https://kimthanh.com.vn/op-o-khoa-den-bong-co-tem-future-neo-2005.html
64330K27V00ZA,Ốp ổ khóa đen bóng Air Blade 2013 - 2015 đèn cầu,Honda,Dàn nhựa Honda,285000,True,,,,,https://api-website.kimthanh.com.vn/pub/media/catalog/product/6/4/64330k27v00za.webp,https://kimthanh.com.vn/ab13-op-o-khoa-den-bong.html
64320K27V10ZA,Ốp ổ khóa đen bóng Air Blade 2013 - 2015 đèn cầu,,không lấy được thông tin từ website,285000,True,,,,,https://api-website.kimthanh.com.vn/media/catalog/product/placeholder.png,https://kimthanh.com.vn/op-o-khoa-den-bong-air-blade-2013-2015-den-cau.html
64304-VT5-0002-KB,Ốp ổ khóa đen Attila Elizabeth xăng cơ,,không lấy được thông tin từ website,295000,True,,,,,https://api-website.kimthanh.com.vn/media/catalog/product/placeholder.png,https://kimthanh.com.vn/op-o-khoa-den-attila-elizabeth-xang-co.html
64304-VUA-9000-KB,Ốp ổ khóa đen Attila Elizabeth Fi,,không lấy được thông tin từ website,290000,True,,,,,https://api-website.kimthanh.com.vn/media/catalog/product/placeholder.png,https://kimthanh.com.vn/op-o-khoa-den-attila-elizabeth-fi.html
64330KVGV40ZE,Ốp ổ khóa đen Air Blade 2011 2012 đầu bò,Honda,Dàn nhựa Honda,275000,True,,,,,https://api-website.kimthanh.com.vn/pub/media/catalog/product/6/4/64330kvgv40ze.webp,https://kimthanh.com.vn/ab11-op-o-khoa-den.html
64330KVGV40ZB,Ốp ổ khóa xám Air Blade 2011 2012 đầu bò,Honda,Dàn nhựa Honda,415000,True,,,,,https://api-website.kimthanh.com.vn/pub/media/catalog/product/6/4/64330kvgv40zb.webp,https://kimthanh.com.vn/ab11-op-o-khoa-xam.html
64310K07940ZA,Ốp ổ khóa Wave RSX 2012,,không lấy được thông tin từ website,175000,True,,,,,https://api-website.kimthanh.com.vn/media/catalog/product/placeholder.png,https://kimthanh.com.vn/op-o-khoa-wave-rsx-2012.html
64320K57V00,Ốp ổ khóa Wave Blade 2014,Honda,Dàn nhựa Wave Blade 2014,55000,True,,,,,https://api-website.kimthanh.com.vn/media/catalog/product/placeholder.png,https://kimthanh.com.vn/wab14-op-o-khoa.html
64320K89V00ZA,Ốp ổ khóa Wave Alpha 2017 LED,Honda,Dàn nhựa Wave Alpha 2017,55000,True,,,,,https://api-website.kimthanh.com.vn/pub/media/catalog/product/6/4/64320k89v00za.webp,https://kimthanh.com.vn/wa17-op-o-khoa.html
64320KEV900ZB,Ốp ổ khóa Wave Alpha 2002 đời đầu,Honda,Dàn nhựa Wave ZX,75000,True,,,,,https://api-website.kimthanh.com.vn/media/catalog/product/placeholder.png,https://kimthanh.com.vn/wazx-op-o-khoa.html
64304-VT5-0003-YH,Ốp ổ khóa vàng Attila Elizabeth xăng cơ,SYM,không lấy được thông tin từ website,295000,True,,,,,https://api-website.kimthanh.com.vn/pub/media/catalog/product/6/4/64304-vt5-0003-yh.webp,https://kimthanh.com.vn/eli-cop-truoc-vang.html
64304-VUA-9000-YH,Ốp ổ khóa vàng Attila Elizabeth Fi,,không lấy được thông tin từ website,290000,True,,,,,https://api-website.kimthanh.com.vn/media/catalog/product/placeholder.png,https://kimthanh.com.vn/op-o-khoa-vang-attila-elizabeth-fi.html
81130KWN710ZC,Ốp ổ khóa Việt Nam đen PCX 2010 đời đầu,Honda,Dàn nhựa PCX 2010,290000,True,,,,,https://api-website.kimthanh.com.vn/pub/media/catalog/product/8/1/81130kwn710zc.webp,https://kimthanh.com.vn/pcx-op-o-khoa-vn-den.html
81130KWN900ZB,Ốp ổ khóa Việt Nam nâu PCX 2010 đời đầu,Honda,không lấy được thông tin từ website,560000,True,,,,,https://api-website.kimthanh.com.vn/media/catalog/product/placeholder.png,https://kimthanh.com.vn/pcx-op-o-khoa-vn-nau-kd.html
64320K73V40ZC,Ốp ổ khóa tươi Future LED 2019,Honda,Dàn nhựa Honda,210000,True,,,,,https://api-website.kimthanh.com.vn/pub/media/catalog/product/wp-content/uploads/2024/07/64320K73V40ZC.jpg,https://kimthanh.com.vn/fu20-op-o-khoa-tuoi.html
64540KVL940ZB,Ốp ổ khóa tươi có tem Future Neo 2005,,không lấy được thông tin từ website,170000,True,,,,,https://api-website.kimthanh.com.vn/pub/media/catalog/product/wp-content/uploads/2024/11/64540KVL940ZB.JPG,https://kimthanh.com.vn/op-o-khoa-tuoi-co-tem-future-neo-2005.html
64304-VT5-0002-RT,Ốp ổ khóa tươi Attila Elizabeth xăng cơ,,không lấy được thông tin từ website,365000,True,,,,,https://api-website.kimthanh.com.vn/media/catalog/product/placeholder.png,https://kimthanh.com.vn/op-o-khoa-tuoi-attila-elizabeth-xang-co.html
64304-VUA-9000-RT,Ốp ổ khóa tươi Attila Elizabeth Fi,,không lấy được thông tin từ website,290000,True,,,,,https://api-website.kimthanh.com.vn/media/catalog/product/placeholder.png,https://kimthanh.com.vn/op-o-khoa-tuoi-attila-elizabeth-fi.html
64320K73V40ZG,Ốp ổ khóa trắng xanh Future LED 2019,Honda,Dàn nhựa Honda,210000,True,,,,,https://api-website.kimthanh.com.vn/media/catalog/product/placeholder.png,https://kimthanh.com.vn/fu20-op-o-khoa-trang-xanh.html
2XCF831200P4,Ốp ổ khóa trắng Nouvo 6,Yamaha,không lấy được thông tin từ website,170000,True,,,,,https://api-website.kimthanh.com.vn/media/catalog/product/placeholder.png,https://kimthanh.com.vn/no6-op-o-khoa-trang.html
64320K73V40ZH,Ốp ổ khóa trắng Future LED 2019,Honda,Dàn nhựa Honda,285000,True,,,,,https://api-website.kimthanh.com.vn/pub/media/catalog/product/6/4/64320k73v40zh.webp,https://kimthanh.com.vn/fu20-op-o-khoa-trang-nh193p.html
64540KVL940ZC,Ốp ổ khóa trắng có tem Future Neo 2005,,không lấy được thông tin từ website,170000,True,,,,,https://api-website.kimthanh.com.vn/pub/media/catalog/product/wp-content/uploads/2025/03/64540KVL940ZC.jpg,https://kimthanh.com.vn/op-o-khoa-trang-co-tem-future-neo-2005.html
64330KVGV40ZD,Ốp ổ khóa trắng Air Blade 2011 2012 đầu bò,Honda,không lấy được thông tin từ website,275000,True,,,,,https://api-website.kimthanh.com.vn/pub/media/catalog/product/6/4/64330kvgv40zd.webp,https://kimthanh.com.vn/ab11-op-o-khoa-trang.html
81131-KWN-900ZA,Ốp ổ khóa Thái Lan nâu PCX 2010 đời đầu,,không lấy được thông tin từ website,305000,True,,,,,https://api-website.kimthanh.com.vn/media/catalog/product/placeholder.png,https://kimthanh.com.vn/op-o-khoa-thai-lan-nau-pcx-2010-doi-dau.html
16SF83120000,Ốp ổ khóa Taurus,Yamaha,không lấy được thông tin từ website,355000,True,,,,,https://api-website.kimthanh.com.vn/pub/media/catalog/product/1/6/16sf83120000.jpg,https://kimthanh.com.vn/tau-cop-truoc.html
6410A-K56-N00,Ốp ổ khóa Sonic Indo,Honda,Dàn Áo Sonic,200000,True,,,,,https://api-website.kimthanh.com.vn/pub/media/catalog/product/6/4/6410a-k56-n00.jpg,https://kimthanh.com.vn/so-op-o-khoa.html
3S4F842M1000,Ốp ổ khóa Sirius xăng cơ 2006 - 2010,Yamaha,Dàn nhựa Yamaha,110000,True,,,,,https://api-website.kimthanh.com.vn/media/catalog/product/placeholder.png,https://kimthanh.com.vn/si-op-o-khoa.html
1FCF83121000,Ốp ổ khóa Sirius phun xăng Fi 2014 đời sau,Yamaha,không lấy được thông tin từ website,285000,True,,,,,https://api-website.kimthanh.com.vn/media/catalog/product/placeholder.png,https://kimthanh.com.vn/sifi-cop-tren-doi-sau.html
1FCF83120000,Ốp ổ khóa Sirius phun xăng Fi 2013,Yamaha,không lấy được thông tin từ website,290000,True,,,,,https://api-website.kimthanh.com.vn/pub/media/catalog/product/1/f/1fcf83120000.jpg,https://kimthanh.com.vn/sifi-cop-tren-doi-dau.html
3S4F842M1100,Ốp ổ khóa Sirius 2006 xăng cơ,,không lấy được thông tin từ website,110000,True,,,,,https://api-website.kimthanh.com.vn/media/catalog/product/placeholder.png,https://kimthanh.com.vn/op-o-khoa-sirius-2006-xang-co.html
4P8F83124000,Ốp ổ khóa nâu Ultimo,Yamaha,không lấy được thông tin từ website,245000,True,,,,,https://api-website.kimthanh.com.vn/pub/media/catalog/product/4/p/4p8f83124000.jpg,https://kimthanh.com.vn/ul-cop-truoc-nau.html
81142K1NV00ZA,Ốp ổ khóa nâu SH Mode 2021,Honda,Dàn nhựa SH Mode VN 2021,35000,True,,,,,https://api-website.kimthanh.com.vn/pub/media/catalog/product/8/1/81142k1nv00za.webp,https://kimthanh.com.vn/sh21-op-o-khoa-nau.html
64304-VUA-9000-NB,Ốp ổ khóa nâu Attila Elizabeth Fi,,không lấy được thông tin từ website,290000,True,,,,,https://api-website.kimthanh.com.vn/media/catalog/product/placeholder.png,https://kimthanh.com.vn/op-o-khoa-nau-attila-elizabeth-fi.html
2XCF831200P1,Ốp ổ khóa mực mờ Nouvo 6,Yamaha,không lấy được thông tin từ website,170000,True,,,,,https://api-website.kimthanh.com.vn/media/catalog/product/placeholder.png,https://kimthanh.com.vn/no6-op-o-khoa-xanh-mo.html
81131K35V00ZA,Ốp ổ khóa lớn đen PCX 2015 - LED,Honda,không lấy được thông tin từ website,175000,True,,,,,https://api-website.kimthanh.com.vn/pub/media/catalog/product/8/1/81131k35v00za.webp,https://kimthanh.com.vn/pcx15-op-o-khoa-lon-den.html
81131K35V30ZA,Ốp ổ khóa lớn đen - smartkey PCX 2015 - LED,Honda,Dàn nhựa PCX 2015,185000,True,,,,,https://api-website.kimthanh.com.vn/pub/media/catalog/product/8/1/81131k35v30za.webp,https://kimthanh.com.vn/pcx15-op-o-khoa-lon-den-smartkey.html
64320K73V40ZD,Ốp ổ khóa lam Future LED 2019,Honda,Dàn nhựa Honda,190000,True,,,,,https://api-website.kimthanh.com.vn/pub/media/catalog/product/6/4/64320k73v40zd.webp,https://kimthanh.com.vn/fu20-op-o-khoa-lam.html
64320KTL640,Ốp ổ khóa không tem Wave S/RS 100cc,Honda,Dàn nhựa Wave S 100,55000,True,,,,,https://api-website.kimthanh.com.vn/pub/media/catalog/product/6/4/64320ktl640.webp,https://kimthanh.com.vn/s100-op-o-khoa-khong-tem.html
64320KTL680,Ốp ổ khóa không tem Wave Alpha 2006,Honda,Dàn nhựa Wave Alpha 2006,55000,True,,,,,https://api-website.kimthanh.com.vn/media/catalog/product/placeholder.png,https://kimthanh.com.vn/wa06-op-o-khoa-khong-tem.html
5VTF842M0000,Ốp ổ khóa Jupiter V,Yamaha,không lấy được thông tin từ website,105000,True,,,,,https://api-website.kimthanh.com.vn/media/catalog/product/placeholder.png,https://kimthanh.com.vn/juv-op-o-khoa.html
5SDF842M0000,Ốp ổ khóa Jupiter R,Yamaha,không lấy được thông tin từ website,85000,True,,,,,https://api-website.kimthanh.com.vn/pub/media/catalog/product/5/s/5sdf842m0000.jpg,https://kimthanh.com.vn/jur-op-o-khoa.html
81141-K59-A10ZB,Ốp ổ khóa Indo Vario Indo 2015,,không lấy được thông tin từ website,285000,True,,,,,https://api-website.kimthanh.com.vn/media/catalog/product/placeholder.png,https://kimthanh.com.vn/op-o-khoa-indo-vario-indo-2015.html
8114A-K59-A10ZB,Ốp ổ khóa Indo Vario 2015,Honda,Dàn nhựa Vario 2015,280000,True,,,,,https://api-website.kimthanh.com.vn/media/catalog/product/placeholder.png,https://kimthanh.com.vn/var15-op-o-khoa-indo.html
81131KVG950,Ốp ổ khóa Honda Việt Air Blade đời đầu,Honda,Dàn nhựa Honda,60000,True,,,,,https://api-website.kimthanh.com.vn/pub/media/catalog/product/8/1/81131kvg950.webp,https://kimthanh.com.vn/ab-op-o-khoa-vn.html
81131-KVG-900,Ốp ổ khóa Honda Thái Air Blade đời đầu,Honda,Dàn nhựa Honda,120000,True,,,,,https://api-website.kimthanh.com.vn/pub/media/catalog/product/8/1/81131-kvg-900.webp,https://kimthanh.com.vn/ab-op-o-khoa-tl.html
64330KVLN00,Ốp ổ khóa Future X 2008,Honda,Dàn nhựa Honda,80000,True,,,,,https://api-website.kimthanh.com.vn/pub/media/catalog/product/6/4/64330kvln00.webp,https://kimthanh.com.vn/fu08-op-o-khoa.html
64320KPH900,Ốp ổ khóa Future II,,không lấy được thông tin từ website,65000,True,,,,,https://api-website.kimthanh.com.vn/media/catalog/product/placeholder.png,https://kimthanh.com.vn/op-o-khoa-future-ii.html
2NDF836L0100,Ốp ổ khóa Exciter 2015 150cc,Yamaha,không lấy được thông tin từ website,260000,True,,,,,https://api-website.kimthanh.com.vn/pub/media/catalog/product/2/n/2ndf836l0100.jpg,https://kimthanh.com.vn/ex15-op-o-khoa.html
2NDF836L0000,Ốp ổ khóa Exciter 2015 150cc,,không lấy được thông tin từ website,250000,True,,,,,https://api-website.kimthanh.com.vn/media/catalog/product/placeholder.png,https://kimthanh.com.vn/op-o-khoa-exciter-2015-150cc.html
55PF836K0000,Ốp ổ khóa Exciter 2011 135cc 5 số,Yamaha,không lấy được thông tin từ website,175000,True,,,,,https://api-website.kimthanh.com.vn/pub/media/catalog/product/5/5/55pf836k0000.jpg,https://kimthanh.com.vn/ex11-op-o-khoa.html
1S9F842M0000,Ốp ổ khóa Exciter 2010 135cc 4 số,Yamaha,Dàn nhựa Yamaha,85000,True,,,,,https://api-website.kimthanh.com.vn/pub/media/catalog/product/1/S/1S9F842M0000.webp,https://kimthanh.com.vn/ex10-op-o-khoa.html
2XCF831200P3,Ốp ổ khóa dương Nouvo 6,Yamaha,không lấy được thông tin từ website,170000,True,,,,,https://api-website.kimthanh.com.vn/media/catalog/product/placeholder.png,https://kimthanh.com.vn/no6-op-o-khoa-duong.html
64310KWYA00,Ốp ổ khóa có tem Wave Alpha 2006,Honda,Dàn nhựa Wave Alpha 2006,80000,True,,,,,https://api-website.kimthanh.com.vn/pub/media/catalog/product/6/4/64310kwya00.webp,https://kimthanh.com.vn/wa06-op-o-khoa-co-tem.html
81141-K60-T00ZA,Ốp ổ khóa Click Honda Thái 2015 - 2017,Honda,Dàn nhựa Honda,305000,True,,,,,https://api-website.kimthanh.com.vn/pub/media/catalog/product/8/1/81141-k60-t00za.webp,https://kimthanh.com.vn/clk15-op-o-khoa-tl.html
64320K27V60ZA,Ốp ổ khóa bạc có tem Air Blade 2013 - 2015 đèn cầu,,không lấy được thông tin từ website,280000,True,,,,,https://api-website.kimthanh.com.vn/media/catalog/product/placeholder.png,https://kimthanh.com.vn/op-o-khoa-bac-co-tem-air-blade-2013-2015-den-cau.html
64320K73V40ZJ,Ốp ổ khóa bạc bóng Future LED 2019,Honda,Dàn nhựa Honda,185000,True,,,,,https://api-website.kimthanh.com.vn/pub/media/catalog/product/6/4/64320k73v40zj.webp,https://kimthanh.com.vn/fu20-op-o-khoa-bac-bong.html
64304-VT3-0002,Ốp ổ khóa Attila Victoria 2009 chân xếp,SYM,không lấy được thông tin từ website,230000,True,,,,,https://api-website.kimthanh.com.vn/pub/media/catalog/product/6/4/64304-vt3-0002.webp,https://kimthanh.com.vn/vic09-cop-truoc.html
64304-M9P-0002,Ốp ổ khóa Attila Victoria 2006 chân thường,SYM,không lấy được thông tin từ website,185000,True,,,,,https://api-website.kimthanh.com.vn/media/catalog/product/placeholder.png,https://kimthanh.com.vn/vic06-cop-truoc.html
64320K73V00ZA,Ốp ổ khóa 2017 Future 125cc 2013,Honda,Dàn nhựa Honda,75000,True,,,,,https://api-website.kimthanh.com.vn/pub/media/catalog/product/6/4/64320k73v00za.webp,https://kimthanh.com.vn/fu13-op-o-khoa-2017.html
64320KYZV00,Ốp ổ khóa 2013 Future 125cc 2013,,không lấy được thông tin từ website,70000,True,,,,,https://api-website.kimthanh.com.vn/media/catalog/product/placeholder.png,https://kimthanh.com.vn/op-o-khoa-2013-future-125cc-2013.html
81141-K59-T10ZA,Ốp ổ khóa 150 đen Click Honda Thái 2018 - 2021,Honda,Dàn nhựa Honda,355000,True,,,,,https://api-website.kimthanh.com.vn/pub/media/catalog/product/8/1/81141-k59-t10za.webp,https://kimthanh.com.vn/clk18-op-o-khoa-150-den-tl.html
81141K59A70ZA,Ốp ổ khóa 150 đen Click Honda Indo 2018 - 2021,Honda,Dàn nhựa Honda,300000,True,,,,,https://api-website.kimthanh.com.vn/pub/media/catalog/product/8/1/81141k59a70za.webp,https://kimthanh.com.vn/clk18-op-o-khoa-150-den-indo.html
81141-K59-T10ZB,Ốp ổ khóa 150 cam Click Honda Thái 2018 - 2021,Honda,Dàn nhựa Honda,375000,True,,,,,https://api-website.kimthanh.com.vn/pub/media/catalog/product/8/1/81141-k59-t10zb.webp,https://kimthanh.com.vn/clk18-op-o-khoa-150-cam.html
81141-K60-T70ZA,Ốp ổ khóa 125 đen Click Honda Thái 2018 - 2021,Honda,Dàn nhựa Honda,365000,True,,,,,https://api-website.kimthanh.com.vn/pub/media/catalog/product/8/1/81141-K60-T70ZA_1_2.jpg,https://kimthanh.com.vn/clk18-op-o-khoa-125-den-tl.html
64320K2PV60,Ốp ổ khóa - ko lỗ sạc điện thoại Winner 2021 V3,Honda,Dàn nhựa Honda,195000,True,,,,,https://api-website.kimthanh.com.vn/media/catalog/product/placeholder.png,https://kimthanh.com.vn/win21-op-o-khoa-ko-lo-sac-dien-thoai.html
64320K2PV70,Ốp ổ khóa - có lỗ sạc điện thoại Winner 2021 V3,Honda,Dàn nhựa Honda,195000,True,,,,,https://api-website.kimthanh.com.vn/media/catalog/product/placeholder.png,https://kimthanh.com.vn/win21-op-o-khoa-co-lo-sac-dien-thoai.html
5B9F842M0000,Ốp ổ khóa - có kiếng gió Jupiter MX,Yamaha,không lấy được thông tin từ website,90000,True,,,,,https://api-website.kimthanh.com.vn/pub/media/catalog/product/5/b/5b9f842m0000.jpg,https://kimthanh.com.vn/jumx-op-o-khoa-co-kieng-gio.html
B5VF836L0000,Ốp ổ khoá Smartkey Exciter 2021 155cc VVA,Yamaha,Dàn nhựa Yamaha,195000,True,,,,,https://api-website.kimthanh.com.vn/pub/media/catalog/product/b/5/b5vf836l0000.webp,https://kimthanh.com.vn/ex21-op-o-khoa-sk.html
81131K97T00ZA,Ốp ổ khoá lớn PCX 2017 - LED,Honda,Dàn nhựa PCX 2017,195000,True,,,,,https://api-website.kimthanh.com.vn/pub/media/catalog/product/8/1/81131k97t00za.webp,https://kimthanh.com.vn/pcx17-op-o-khoa-lon.html
B5VF836L1000,Ốp ổ khoá không Smartkey Exciter 2021 155cc VVA,,không lấy được thông tin từ website,195000,True,,,,,https://api-website.kimthanh.com.vn/media/catalog/product/placeholder.png,https://kimthanh.com.vn/ex21-op-o-khoa-khong-sk.html
BNVF836L1000,Ốp ổ khoá không lỗ sạc Exciter 2024 155cc VVA,Yamaha,Dàn nhựa Yamaha,190000,True,,,,,https://api-website.kimthanh.com.vn/pub/media/catalog/product/b/n/bnvf836l1000.webp,https://kimthanh.com.vn/ex24-op-o-khoa-khong-lo-sac.html
81140K96V00ZA,Ốp ổ khoá giữa PCX 2017 - LED,,không lấy được thông tin từ website,25000,True,,,,,https://api-website.kimthanh.com.vn/media/catalog/product/placeholder.png,https://kimthanh.com.vn/op-o-khoa-giua-pcx-2017-led.html
BNVF836L0000,Ốp ổ khoá có lỗ sạc Exciter 2024 155cc VVA,Yamaha,Dàn nhựa Yamaha,190000,True,,,,,https://api-website.kimthanh.com.vn/pub/media/catalog/product/b/n/bnvf836l0000.webp,https://kimthanh.com.vn/ex24-op-o-khoa-co-lo-sac.html
64305K0RV00ZA,Ốp ống yếm trái xe SH2020,Honda,Dàn nhựa SH VN 2020,210000,True,,,,,https://api-website.kimthanh.com.vn/pub/media/catalog/product/6/4/64305k0rv00za.webp,https://kimthanh.com.vn/sh20-mat-na-nho.html
64337KWN710ZL,Ốp đồng hồ Việt Nam đô PCX 2010 đời đầu,Honda,Dàn nhựa PCX 2010,265000,True,,,,,https://api-website.kimthanh.com.vn/pub/media/catalog/product/6/4/64337kwn710zl.webp,https://kimthanh.com.vn/pcx-op-dong-ho-vn-do.html
64337KWN710ZN,Ốp đồng hồ Việt Nam đen PCX 2010 đời đầu,Honda,Dàn nhựa PCX 2010,265000,True,,,,,https://api-website.kimthanh.com.vn/pub/media/catalog/product/6/4/64337kwn710zn.webp,https://kimthanh.com.vn/pcx-op-dong-ho-vn-den.html
64337KWN710ZK,Ốp đồng hồ Việt Nam nâu PCX 2010 đời đầu,Honda,không lấy được thông tin từ website,265000,True,,,,,https://api-website.kimthanh.com.vn/pub/media/catalog/product/6/4/64337kwn710zk.webp,https://kimthanh.com.vn/pcx-op-dong-ho-vn-nau.html
64337-KWN-900ZE,Ốp đồng hồ Thái Lan đồng PCX 2010 đời đầu,Honda,Dàn nhựa PCX 2010,255000,True,,,,,https://api-website.kimthanh.com.vn/pub/media/catalog/product/6/4/64337-kwn-900ze.webp,https://kimthanh.com.vn/pcx-op-dong-ho-tl-dong.html
64337-KWN-900ZC,Ốp đồng hồ Thái Lan đỏ PCX 2010 đời đầu,Honda,Dàn nhựa PCX 2010,270000,True,,,,,https://api-website.kimthanh.com.vn/media/catalog/product/placeholder.png,https://kimthanh.com.vn/pcx-op-dong-ho-tl-do.html
64337-KWN-900ZD,Ốp đồng hồ Thái Lan xám PCX 2010 đời đầu,Honda,Dàn nhựa PCX 2010,250000,True,,,,,https://api-website.kimthanh.com.vn/media/catalog/product/placeholder.png,https://kimthanh.com.vn/pcx-op-dong-ho-tl-xam.html
64337-KWN-900ZB,Ốp đồng hồ Thái Lan trắng PCX 2010 đời đầu,Honda,Dàn nhựa PCX 2010,255000,True,,,,,https://api-website.kimthanh.com.vn/pub/media/catalog/product/6/4/64337-kwn-900zb.webp,https://kimthanh.com.vn/pcx-op-dong-ho-tl-trang.html
64337K97T00ZA,Ốp đồng hồ PCX 2017 - LED,Honda,Dàn nhựa PCX 2017,85000,True,,,,,https://api-website.kimthanh.com.vn/pub/media/catalog/product/6/4/64337k97t00za.webp,https://kimthanh.com.vn/pcx17-op-dong-ho.html
64337K35V00ZA,Ốp đồng hồ nhựa đen PCX 2015 - LED,Honda,không lấy được thông tin từ website,90000,True,,,,,https://api-website.kimthanh.com.vn/pub/media/catalog/product/6/4/64337k35v00za.webp,https://kimthanh.com.vn/pcx15-op-dong-ho-nhua-den.html
53204K07940ZA,Ốp đầu đồng trái  Wave RSX 2012,,không lấy được thông tin từ website,80000,True,,,,,https://api-website.kimthanh.com.vn/media/catalog/product/placeholder.png,https://kimthanh.com.vn/op-dau-dong-trai-wave-rsx-2012.html
53203K07940ZA,Ốp đầu đồng phải Wave RSX 2012,,không lấy được thông tin từ website,80000,True,,,,,https://api-website.kimthanh.com.vn/media/catalog/product/placeholder.png,https://kimthanh.com.vn/op-dau-dong-phai-wave-rsx-2012.html
61303-K56-N00ZB,Ốp đầu đỏ trái Sonic Indo,Honda,Dàn Áo Sonic,300000,True,,,,,https://api-website.kimthanh.com.vn/pub/media/catalog/product/6/1/61303-k56-n00zb.webp,https://kimthanh.com.vn/so-op-dau-do-l.html
53209-K2S-N00ZA,Ốp đầu đỏ trái - CBS Click Honda Thái 2022 - 2024,Honda,Dàn nhựa Honda,70000,True,,,,,https://api-website.kimthanh.com.vn/pub/media/catalog/product/5/3/53209-K2S-N00ZA_1_2.jpg,https://kimthanh.com.vn/clk22-op-dau-tl-do-l-cbs.html
61302-K56-N00ZB,Ốp đầu đỏ phải Sonic Indo,Honda,Dàn Áo Sonic,300000,True,,,,,https://api-website.kimthanh.com.vn/media/catalog/product/placeholder.png,https://kimthanh.com.vn/so-op-dau-do-r.html
53208-K2S-N00ZA,Ốp đầu đỏ phải - CBS Click Honda Thái 2022 - 2024,Honda,Dàn nhựa Honda,70000,True,,,,,https://api-website.kimthanh.com.vn/pub/media/catalog/product/5/3/53208-K2S-N00ZA_1_2.jpg,https://kimthanh.com.vn/clk22-op-dau-tl-do-r-cbs.html
53203KWWA00ZP,Ốp đầu đô Wave S/RS 110cc,Honda,Dàn nhựa Wave S 110,290000,True,,,,,https://api-website.kimthanh.com.vn/media/catalog/product/placeholder.png,https://kimthanh.com.vn/s110-op-dau-do.html
53204K07940ZB,Ốp đầu đô trái  Wave RSX 2012,,không lấy được thông tin từ website,80000,True,,,,,https://api-website.kimthanh.com.vn/media/catalog/product/placeholder.png,https://kimthanh.com.vn/op-dau-do-trai-wave-rsx-2012.html
53203K07940ZB,Ốp đầu đô phải Wave RSX 2012,,không lấy được thông tin từ website,80000,True,,,,,https://api-website.kimthanh.com.vn/media/catalog/product/placeholder.png,https://kimthanh.com.vn/op-dau-do-phai-wave-rsx-2012.html
53209K2SV10ZA,Ốp đầu đô mờ trái - ABS Vario Việt Nam 2022,Honda,Dàn nhựa Honda,165000,True,,,,,https://api-website.kimthanh.com.vn/media/catalog/product/placeholder.png,https://kimthanh.com.vn/moi-var22-op-dau-vn-l-do-mo-abs-r406m.html
53208K2SV10ZA,Ốp đầu đô mờ phải - ABS Vario Việt Nam 2022,Honda,không lấy được thông tin từ website,165000,True,,,,,https://api-website.kimthanh.com.vn/media/catalog/product/placeholder.png,https://kimthanh.com.vn/moi-var22-op-dau-vn-r-do-mo-abs-r406m.html
53203KWWA00ZQ,Ốp đầu đen Wave S/RS 110cc,Honda,Dàn nhựa Wave S 110,290000,True,,,,,https://api-website.kimthanh.com.vn/media/catalog/product/placeholder.png,https://kimthanh.com.vn/s110-op-dau-den.html
53204K07940ZD,Ốp đầu đen trái Wave RSX 2012,,không lấy được thông tin từ website,80000,True,,,,,https://api-website.kimthanh.com.vn/media/catalog/product/placeholder.png,https://kimthanh.com.vn/op-dau-den-trai-wave-rsx-2012.html
53212K77V00ZA,Ốp đầu đen trái SH 2017 - LED,Honda,Dàn nhựa SH VN 2017,30000,True,,,,,https://api-website.kimthanh.com.vn/media/catalog/product/placeholder.png,https://kimthanh.com.vn/sh17-op-dau-den-l.html
53203K07940ZD,Ốp đầu đen phải Wave RSX 2012,,không lấy được thông tin từ website,80000,True,,,,,https://api-website.kimthanh.com.vn/media/catalog/product/placeholder.png,https://kimthanh.com.vn/op-dau-den-phai-wave-rsx-2012.html
53211K77V00ZA,Ốp đầu đen phải SH 2017 - LED,Honda,Dàn nhựa SH VN 2017,25000,True,,,,,https://api-website.kimthanh.com.vn/pub/media/catalog/product/5/3/53211k77v00za.webp,https://kimthanh.com.vn/sh17-op-dau-den-r.html
53209-K2S-N00ZC,Ốp đầu đen mờ trái - CBS Click Honda Thái 2022 - 2024,Honda,Dàn nhựa Honda,70000,True,,,,,https://api-website.kimthanh.com.vn/pub/media/catalog/product/5/3/53209-k2s-n00zc.webp,https://kimthanh.com.vn/clk22-op-dau-tl-den-mo-l-cbs.html
53209-K2S-N10ZB,Ốp đầu đen mờ trái - ABS Click Honda Thái 2022 - 2024,Honda,Dàn nhựa Honda,70000,True,,,,,https://api-website.kimthanh.com.vn/pub/media/catalog/product/5/3/53209-k2s-n10zb.webp,https://kimthanh.com.vn/clk22-op-dau-den-mo-l-abs.html
53208-K2S-N00ZC,Ốp đầu đen mờ phải - CBS Click Honda Thái 2022 - 2024,Honda,Dàn nhựa Honda,70000,True,,,,,https://api-website.kimthanh.com.vn/pub/media/catalog/product/5/3/53208-k2s-n00zc.webp,https://kimthanh.com.vn/clk22-op-dau-den-bong-r-cbs.html
53208-K2S-N10ZB,Ốp đầu đen mờ phải - ABS Click Honda Thái 2022 - 2024,Honda,Dàn nhựa Honda,70000,True,,,,,https://api-website.kimthanh.com.vn/pub/media/catalog/product/5/3/53208-k2s-n10zb.webp,https://kimthanh.com.vn/clk22-op-dau-den-mo-r-abs.html
61303-K56-N00ZE,Ốp đầu đen bóng trái Sonic Indo,Honda,Dàn nhựa Honda,280000,True,,,,,https://api-website.kimthanh.com.vn/pub/media/catalog/product/6/1/61303-k56-n00ze.webp,https://kimthanh.com.vn/so-op-dau-den-bong-l.html
53209K2SN00ZK,Ốp đầu đen bóng trái - CBS Vario Việt Nam 2022,,không lấy được thông tin từ website,165000,True,,,,,https://api-website.kimthanh.com.vn/media/catalog/product/placeholder.png,https://kimthanh.com.vn/op-dau-den-bong-trai-cbs-vario-viet-nam-2022.html
53208K2SN00ZK,Ốp đầu đen bóng phải - CBS Vario Việt Nam 2022,Honda,Dàn nhựa Honda,165000,True,,,,,https://api-website.kimthanh.com.vn/pub/media/catalog/product/5/3/53208k2sn00zk.webp,https://kimthanh.com.vn/var22-op-dau-vn-den-bong-r-cbs.html
53209K2SV10ZB,Ốp đầu xám xi măng trái - ABS Vario Việt Nam 2022,Honda,Dàn nhựa Honda,165000,True,,,,,https://api-website.kimthanh.com.vn/media/catalog/product/placeholder.png,https://kimthanh.com.vn/var22-op-dau-vn-xam-xi-mang-l-abs.html
53208K2SV10ZB,Ốp đầu xám xi măng phải - ABS Vario Việt Nam 2022,Honda,Dàn nhựa Honda,165000,True,,,,,https://api-website.kimthanh.com.vn/media/catalog/product/placeholder.png,https://kimthanh.com.vn/var22-op-dau-vn-xam-xi-mang-r-abs.html
53204K07940ZE,Ốp đầu xám lợt trái Wave RSX 2012,,không lấy được thông tin từ website,80000,True,,,,,https://api-website.kimthanh.com.vn/media/catalog/product/placeholder.png,https://kimthanh.com.vn/op-dau-xam-lot-trai-wave-rsx-2012.html
53203K07940ZE,Ốp đầu xám lợt phải Wave RSX 2012,,không lấy được thông tin từ website,80000,True,,,,,https://api-website.kimthanh.com.vn/media/catalog/product/placeholder.png,https://kimthanh.com.vn/op-dau-xam-lot-phai-wave-rsx-2012.html
53209-K2S-N00ZD,Ốp đầu trắng xà cừ trái - CBS Click Honda Thái 2022 - 2024,Honda,Dàn nhựa Honda,70000,True,,,,,https://api-website.kimthanh.com.vn/pub/media/catalog/product/5/3/53209-K2S-N00ZD_1_2.jpg,https://kimthanh.com.vn/clk22-op-dau-tl-trang-xa-cu-l-cbs.html
53209-K2S-N10ZC,Ốp đầu trắng xà cừ trái - ABS Click Honda Thái 2022 - 2024,Honda,Dàn nhựa Honda,70000,True,,,,,https://api-website.kimthanh.com.vn/pub/media/catalog/product/5/3/53209-k2s-n10zc.webp,https://kimthanh.com.vn/clk22-op-dau-tl-trang-xa-cu-l-abs.html
53208-K2S-N00ZD,Ốp đầu trắng xà cừ phải - CBS Click Honda Thái 2022 - 2024,Honda,Dàn nhựa Honda,70000,True,,,,,https://api-website.kimthanh.com.vn/pub/media/catalog/product/5/3/53208-k2s-n00zd.webp,https://kimthanh.com.vn/clk22-op-dau-tl-trang-xa-cu-r-cbs.html
53208-K2S-N10ZC,Ốp đầu trắng xà cừ phải - ABS Click Honda Thái 2022 - 2024,Honda,Dàn nhựa Honda,70000,True,,,,,https://api-website.kimthanh.com.vn/pub/media/catalog/product/5/3/53208-k2s-n10zc.webp,https://kimthanh.com.vn/clk22-op-dau-tl-trang-xa-cu-r-abs.html
53203KWWA00YD,Ốp đầu trắng Wave S/RS 110cc,Honda,Dàn nhựa Wave S 110,250000,True,,,,,https://api-website.kimthanh.com.vn/pub/media/catalog/product/5/3/53203kwwa00yd.webp,https://kimthanh.com.vn/s110-op-dau-trang.html
61303-K56-N00ZD,Ốp đầu trắng trái Sonic Indo,Honda,Dàn Áo Sonic,270000,True,,,,,https://api-website.kimthanh.com.vn/pub/media/catalog/product/6/1/61303-k56-n00zd.webp,https://kimthanh.com.vn/so-op-dau-trang-l.html
53204K07940ZC,Ốp đầu trắng trái  Wave RSX 2012,,không lấy được thông tin từ website,80000,True,,,,,https://api-website.kimthanh.com.vn/media/catalog/product/placeholder.png,https://kimthanh.com.vn/op-dau-trang-trai-wave-rsx-2012.html
53203K07940ZC,Ốp đầu trắng phải Wave RSX 2012,,không lấy được thông tin từ website,80000,True,,,,,https://api-website.kimthanh.com.vn/media/catalog/product/placeholder.png,https://kimthanh.com.vn/op-dau-trang-phai-wave-rsx-2012.html
61302-K56-N00ZD,Ốp đầu trắng phải Sonic Indo,Honda,Dàn Áo Sonic,270000,True,,,,,https://api-website.kimthanh.com.vn/media/catalog/product/placeholder.png,https://kimthanh.com.vn/so-op-dau-trang-r.html
53215K56V00ZA,Ốp đầu trước đỏ trái Winner 2016 V1 đời đầu,Honda,Dàn nhựa Winner-Sonic,95000,True,,,,,https://api-website.kimthanh.com.vn/media/catalog/product/placeholder.png,https://kimthanh.com.vn/win-op-dau-truoc-do-l.html
53207K56V00ZA,Ốp đầu trước đỏ phải Winner 2016 V1 đời đầu,Honda,Dàn nhựa Winner-Sonic,85000,True,,,,,https://api-website.kimthanh.com.vn/pub/media/catalog/product/5/3/53207k56v00za.webp,https://kimthanh.com.vn/win-op-dau-truoc-do-r.html
53204KYL840ZC,Ốp đầu trước đô trái không tem Future X 2008,Honda,Dàn nhựa Honda,60000,True,,,,,https://api-website.kimthanh.com.vn/pub/media/catalog/product/5/3/53204kyl840zc.webp,https://kimthanh.com.vn/fu08-op-dau-truoc-do-l-khong-tem.html
53203KYL840ZC,Ốp đầu trước đô phải Future X 2008,Honda,Dàn nhựa Honda,60000,True,,,,,https://api-website.kimthanh.com.vn/pub/media/catalog/product/wp-content/uploads/2024/04/53203KYL840ZC.jpg,https://kimthanh.com.vn/fu08-op-dau-truoc-do-r.html
53204KYL840ZE,Ốp đầu trước đen trái không tem Future X 2008,Honda,Dàn nhựa Honda,65000,True,,,,,https://api-website.kimthanh.com.vn/pub/media/catalog/product/5/3/53204kyl840ze.webp,https://kimthanh.com.vn/fu08-op-dau-truoc-den-l-khong-tem.html
53203KYL840ZE,Ốp đầu trước đen phải Future X 2008,Honda,Dàn nhựa Honda,65000,True,,,,,https://api-website.kimthanh.com.vn/media/catalog/product/placeholder.png,https://kimthanh.com.vn/fu08-op-dau-truoc-den-r.html
53215K56V00ZD,Ốp đầu trước đen mờ trái Winner 2016 V1 đời đầu,Honda,Dàn nhựa Winner-Sonic,95000,True,,,,,https://api-website.kimthanh.com.vn/pub/media/catalog/product/5/3/53215k56v00zd.webp,https://kimthanh.com.vn/win-op-dau-truoc-den-mo-l.html
53207K56V00ZD,Ốp đầu trước đen mờ phải Winner 2016 V1 đời đầu,Honda,Dàn nhựa Winner-Sonic,85000,True,,,,,https://api-website.kimthanh.com.vn/media/catalog/product/placeholder.png,https://kimthanh.com.vn/win-op-dau-truoc-den-mo-r.html
53204KYL840ZB,Ốp đầu trước xám trái không tem Future X 2008,Honda,Dàn nhựa Honda,60000,True,,,,,https://api-website.kimthanh.com.vn/media/catalog/product/placeholder.png,https://kimthanh.com.vn/fu08-op-dau-truoc-xam-l-khong-tem.html
53203KYL840ZB,Ốp đầu trước xám phải Future X 2008,Honda,Dàn nhựa Honda,65000,True,,,,,https://api-website.kimthanh.com.vn/media/catalog/product/placeholder.png,https://kimthanh.com.vn/fu08-op-dau-truoc-xam-r.html
53215K56V00ZE,Ốp đầu trước vàng trái Winner 2016 V1 đời đầu,Honda,Dàn nhựa Winner-Sonic,95000,True,,,,,https://api-website.kimthanh.com.vn/pub/media/catalog/product/5/3/53215k56v00ze.webp,https://kimthanh.com.vn/win-op-dau-truoc-vang-l.html
53207K56V00ZE,Ốp đầu trước vàng phải Winner 2016 V1 đời đầu,Honda,Dàn nhựa Winner-Sonic,85000,True,,,,,https://api-website.kimthanh.com.vn/media/catalog/product/placeholder.png,https://kimthanh.com.vn/win-op-dau-truoc-vang-r.html
53215K56V00ZC,Ốp đầu trước trắng trái Winner 2016 V1 đời đầu,Honda,Dàn nhựa Winner-Sonic,95000,True,,,,,https://api-website.kimthanh.com.vn/pub/media/catalog/product/5/3/53215k56v00zc.webp,https://kimthanh.com.vn/win-op-dau-truoc-trang-l.html
53204KYL840ZD,Ốp đầu trước trắng trái không tem Future X 2008,,không lấy được thông tin từ website,60000,True,,,,,https://api-website.kimthanh.com.vn/pub/media/catalog/product/wp-content/uploads/2024/11/53204KYL840ZD.jpg,https://kimthanh.com.vn/op-dau-truoc-duong-trai-khong-tem-future-x-2008.html
53207K56V00ZC,Ốp đầu trước trắng phải Winner 2016 V1 đời đầu,Honda,Dàn nhựa Winner-Sonic,85000,True,,,,,https://api-website.kimthanh.com.vn/media/catalog/product/placeholder.png,https://kimthanh.com.vn/win-op-dau-truoc-trang-r.html
53215K56V00ZB,Ốp đầu trước mực mờ trái Winner 2016 V1 đời đầu,Honda,Dàn nhựa Winner-Sonic,95000,True,,,,,https://api-website.kimthanh.com.vn/media/catalog/product/placeholder.png,https://kimthanh.com.vn/win-op-dau-truoc-muc-mo-l.html
53207K56V00ZB,Ốp đầu trước mực mờ phải Winner 2016 V1 đời đầu,Honda,Dàn nhựa Winner-Sonic,80000,True,,,,,https://api-website.kimthanh.com.vn/media/catalog/product/placeholder.png,https://kimthanh.com.vn/win-op-dau-truoc-muc-mo-r.html
53204KYL840ZA,Ốp đầu trước dương trái không tem Future X 2008,Honda,Dàn nhựa Honda,65000,True,,,,,https://api-website.kimthanh.com.vn/pub/media/catalog/product/5/3/53204kyl840za.webp,https://kimthanh.com.vn/fu08-op-dau-truoc-duong-l-khong-tem.html
53203KYL840ZD,Ốp đầu trước dương phải Future X 2008,,không lấy được thông tin từ website,65000,True,,,,,https://api-website.kimthanh.com.vn/media/catalog/product/placeholder.png,https://kimthanh.com.vn/fu08-op-dau-truoc-duong-r-2.html
53203KYL840ZA,Ốp đầu trước dương phải Future X 2008,Honda,Dàn nhựa Honda,65000,True,,,,,https://api-website.kimthanh.com.vn/pub/media/catalog/product/5/3/53203kyl840za.webp,https://kimthanh.com.vn/fu08-op-dau-truoc-duong-r.html
53215K56V00ZF,Ốp đầu trước cam trái Winner 2016 V1 đời đầu,Honda,Dàn nhựa Winner-Sonic,95000,True,,,,,https://api-website.kimthanh.com.vn/media/catalog/product/placeholder.png,https://kimthanh.com.vn/win-op-dau-truoc-cam-l.html
53207K56V00ZF,Ốp đầu trước cam phải Winner 2016 V1 đời đầu,Honda,Dàn nhựa Winner-Sonic,80000,True,,,,,https://api-website.kimthanh.com.vn/pub/media/catalog/product/5/3/53207k56v00zf.webp,https://kimthanh.com.vn/win-op-dau-truoc-cam-r.html
53204KYL840ZF,Ốp đầu trước bạc trái không tem Future X 2008,,không lấy được thông tin từ website,60000,True,,,,,https://api-website.kimthanh.com.vn/pub/media/catalog/product/wp-content/uploads/2024/11/53204KYL840ZF.jpg,https://kimthanh.com.vn/op-dau-truoc-bac-trai-khong-tem-future-x-2008.html
53203KYL840ZF,Ốp đầu trước bạc phải Future X 2008,Honda,Dàn nhựa Honda,60000,True,,,,,https://api-website.kimthanh.com.vn/media/catalog/product/placeholder.png,https://kimthanh.com.vn/fu08-op-dau-truoc-bac-r.html
53215K56V00ZG,Ốp đầu trước biển trái Winner 2016 V1 đời đầu,Honda,Dàn nhựa Winner-Sonic,95000,True,,,,,https://api-website.kimthanh.com.vn/pub/media/catalog/product/5/3/53215k56v00zg.webp,https://kimthanh.com.vn/win-op-dau-truoc-bien-l.html
53207K56V00ZG,Ốp đầu trước biển phải Winner 2016 V1 đời đầu,Honda,Dàn nhựa Winner-Sonic,85000,True,,,,,https://api-website.kimthanh.com.vn/media/catalog/product/placeholder.png,https://kimthanh.com.vn/win-op-dau-truoc-bien-r.html
53217K1WD00ZA,Ốp đầu trái SH 350cc,Honda,không lấy được thông tin từ website,275000,True,,,,,https://api-website.kimthanh.com.vn/media/catalog/product/placeholder.png,https://kimthanh.com.vn/sh22-op-dau-l.html
53216K1WD00ZA,Ốp đầu phải SH 350cc,Honda,Dàn nhựa SH 350i 2022,280000,True,,,,,https://api-website.kimthanh.com.vn/media/catalog/product/placeholder.png,https://kimthanh.com.vn/sh22-op-dau-r.html
53209K2SN00ZJ,Ốp đầu mực trái - CBS Vario Việt Nam 2022,Honda,Dàn nhựa Honda,165000,True,,,,,https://api-website.kimthanh.com.vn/pub/media/catalog/product/5/3/53209k2sn00zj.webp,https://kimthanh.com.vn/moi-var22-op-dau-vn-l-muc-cbs-pb421m.html
53208K2SN00ZJ,Ốp đầu mực phải - CBS Vario Việt Nam 2022,Honda,Dàn nhựa Honda,165000,True,,,,,https://api-website.kimthanh.com.vn/media/catalog/product/placeholder.png,https://kimthanh.com.vn/moi-var22-op-dau-vn-r-muc-cbs-pb421m.html
61304-K56-N00ZA,Ốp đầu dưới đỏ Sonic Indo,Honda,Dàn Áo Sonic,340000,True,,,,,https://api-website.kimthanh.com.vn/pub/media/catalog/product/6/1/61304-k56-n00za.webp,https://kimthanh.com.vn/so-op-dau-duoi-do.html
61304-K56-N00ZF,Ốp đầu dưới đen mờ Sonic Indo,Honda,Dàn Áo Sonic,270000,True,,,,,https://api-website.kimthanh.com.vn/pub/media/catalog/product/6/1/61304-k56-n00zf.webp,https://kimthanh.com.vn/so-op-dau-duoi-den-mo.html
61304-K56-N00ZC,Ốp đầu dưới xám Sonic Indo,Honda,Dàn Áo Sonic,340000,True,,,,,https://api-website.kimthanh.com.vn/pub/media/catalog/product/6/1/61304-k56-n00zc.webp,https://kimthanh.com.vn/so-op-dau-duoi-xam.html
61304-K56-N00ZD,Ốp đầu dưới trắng Repsol Sonic Indo,Honda,không lấy được thông tin từ website,340000,True,,,,,https://api-website.kimthanh.com.vn/pub/media/catalog/product/6/1/61304-k56-n00zd.webp,https://kimthanh.com.vn/so-op-dau-duoi-trang-repsol.html
64502K96V00ZB,Ốp đèn đỏ trái PCX 2017 - LED,Honda,không lấy được thông tin từ website,640000,True,,,,,https://api-website.kimthanh.com.vn/pub/media/catalog/product/6/4/64502k96v00zb.webp,https://kimthanh.com.vn/pcx17-op-den-do-l.html
64501K97T00ZB,Ốp đèn đỏ phải PCX 2017 - LED,,không lấy được thông tin từ website,640000,True,,,,,https://api-website.kimthanh.com.vn/media/catalog/product/placeholder.png,https://kimthanh.com.vn/op-den-do-phai-pcx-2017-led.html
64360K56V50ZH,Ốp đèn đô trái không tem Winner 2019 V2,Honda,Dàn nhựa Honda,200000,True,,,,,https://api-website.kimthanh.com.vn/pub/media/catalog/product/6/4/64360k56v50zh.webp,https://kimthanh.com.vn/win19-op-den-do-l-khong-tem.html
64502K35V00ZB,Ốp đèn đô trái không tem PCX 2015 - LED,Honda,không lấy được thông tin từ website,305000,True,,,,,https://api-website.kimthanh.com.vn/pub/media/catalog/product/6/4/64502k35v00zb.webp,https://kimthanh.com.vn/pcx15-op-den-do-l-khong-tem.html
64350K56V50ZH,Ốp đèn đô phải không tem Winner 2019 V2,Honda,không lấy được thông tin từ website,200000,True,,,,,https://api-website.kimthanh.com.vn/media/catalog/product/placeholder.png,https://kimthanh.com.vn/win19-op-den-do-r-khong-tem.html
64501K35V00ZB,Ốp đèn đô phải không tem PCX 2015 - LED,Honda,Dàn nhựa PCX 2015,310000,True,,,,,https://api-website.kimthanh.com.vn/pub/media/catalog/product/6/4/64501k35v00zb.webp,https://kimthanh.com.vn/pcx15-op-den-do-r-khong-tem.html
64360K2PV60ZA,Ốp đèn đô mờ trái Winner 2021 V3,Honda,Dàn nhựa Honda,175000,True,,,,,https://api-website.kimthanh.com.vn/pub/media/catalog/product/6/4/64360k2pv60za.webp,https://kimthanh.com.vn/win21-op-den-do-mo-l.html
64350K2PV60ZA,Ốp đèn đô mờ phải Winner 2021 V3,Honda,Dàn nhựa Honda,175000,True,,,,,https://api-website.kimthanh.com.vn/pub/media/catalog/product/6/4/64350k2pv60za.webp,https://kimthanh.com.vn/win21-op-den-do-mo-r.html
64360K2PV60ZF,Ốp đèn đen mờ trái Winner 2021 V3,Honda,Dàn nhựa Honda,190000,True,,,,,https://api-website.kimthanh.com.vn/pub/media/catalog/product/6/4/64360k2pv60zf.webp,https://kimthanh.com.vn/win21-op-den-den-mo-l.html
64502K96V00ZH,Ốp đèn đen mờ trái PCX 2017 - LED,Honda,Dàn nhựa PCX 2017,420000,True,,,,,https://api-website.kimthanh.com.vn/pub/media/catalog/product/6/4/64502k96v00zh.webp,https://kimthanh.com.vn/pcx17-op-den-den-mo-l.html
64502K35V00ZF,Ốp đèn đen mờ trái PCX 2015 - LED,,không lấy được thông tin từ website,410000,True,,,,,https://api-website.kimthanh.com.vn/media/catalog/product/placeholder.png,https://kimthanh.com.vn/op-den-den-mo-trai-pcx-2015-led.html
64360K56V50ZC,Ốp đèn đen mờ trái không tem Winner 2019 V2,Honda,không lấy được thông tin từ website,210000,True,,,,,https://api-website.kimthanh.com.vn/media/catalog/product/placeholder.png,https://kimthanh.com.vn/win19-op-den-den-mo-l-khong-tem.html
64350K2PV60ZF,Ốp đèn đen mờ phải Winner 2021 V3,Honda,Dàn nhựa Honda,190000,True,,,,,https://api-website.kimthanh.com.vn/pub/media/catalog/product/6/4/64350k2pv60zf.webp,https://kimthanh.com.vn/win21-op-den-den-mo-r.html
64501K97T00ZL,Ốp đèn đen mờ phải PCX 2017 - LED,,không lấy được thông tin từ website,420000,True,,,,,https://api-website.kimthanh.com.vn/media/catalog/product/placeholder.png,https://kimthanh.com.vn/op-den-den-mo-phai-pcx-2017-led.html
64501K35V00ZF,Ốp đèn đen mờ phải PCX 2015 - LED,Honda,Dàn nhựa PCX 2015,410000,True,,,,,https://api-website.kimthanh.com.vn/pub/media/catalog/product/6/4/64501k35v00zf.webp,https://kimthanh.com.vn/pcx15-op-den-den-mo-r.html
64350K56V50ZC,Ốp đèn đen mờ phải không tem Winner 2019 V2,Honda,không lấy được thông tin từ website,210000,True,,,,,https://api-website.kimthanh.com.vn/pub/media/catalog/product/6/4/64350k56v50zc.webp,https://kimthanh.com.vn/win19-op-den-den-mo-r-khong-tem.html
64502K96V00ZF,Ốp đèn đen bóng trái PCX 2017 - LED,Honda,không lấy được thông tin từ website,420000,True,,,,,https://api-website.kimthanh.com.vn/pub/media/catalog/product/6/4/64502k96v00zf.webp,https://kimthanh.com.vn/pcx17-op-den-den-bong-l.html
64360K56V50ZG,Ốp đèn đen bóng trái không tem Winner 2019 V2,Honda,không lấy được thông tin từ website,210000,True,,,,,https://api-website.kimthanh.com.vn/media/catalog/product/placeholder.png,https://kimthanh.com.vn/win19-op-den-den-bong-l-khong-tem.html
64502K35V00ZD,Ốp đèn đen bóng trái không tem PCX 2015 - LED,Honda,Dàn nhựa PCX 2015,410000,True,,,,,https://api-website.kimthanh.com.vn/pub/media/catalog/product/6/4/64502k35v00zd.webp,https://kimthanh.com.vn/pcx15-op-den-den-bong-l-khong-tem.html
64360K2PV60ZD,Ốp đèn đen bóng trái (ánh xanh) Winner 2021 V3,Honda,Dàn nhựa Honda,190000,True,,,,,https://api-website.kimthanh.com.vn/pub/media/catalog/product/6/4/64360k2pv60zd.webp,https://kimthanh.com.vn/win21-op-den-den-bong-nhb25-l.html
64501K97T00ZJ,Ốp đèn đen bóng phải PCX 2017 - LED,,không lấy được thông tin từ website,420000,True,,,,,https://api-website.kimthanh.com.vn/media/catalog/product/placeholder.png,https://kimthanh.com.vn/op-den-den-bong-phai-pcx-2017-led.html
64350K56V50ZG,Ốp đèn đen bóng phải không tem Winner 2019 V2,Honda,không lấy được thông tin từ website,210000,True,,,,,https://api-website.kimthanh.com.vn/pub/media/catalog/product/6/4/64350k56v50zg.webp,https://kimthanh.com.vn/win19-op-den-den-bong-r-khong-tem.html
64501K35V00ZD,Ốp đèn đen bóng phải không tem PCX 2015 - LED,Honda,Dàn nhựa PCX 2015,335000,True,,,,,https://api-website.kimthanh.com.vn/pub/media/catalog/product/6/4/64501k35v00zd.webp,https://kimthanh.com.vn/pcx15-op-den-den-bong-r-khong-tem.html
64350K2PV60ZD,Ốp đèn đen bóng phải (ánh xanh) Winner 2021 V3,Honda,không lấy được thông tin từ website,190000,True,,,,,https://api-website.kimthanh.com.vn/pub/media/catalog/product/6/4/64350k2pv60zd.webp,https://kimthanh.com.vn/win21-op-den-den-bong-nhb25-r.html
64360K2PV60ZC,Ốp đèn đen bóng (NH1) trái Winner 2021 V3,Honda,Dàn nhựa Honda,190000,True,,,,,https://api-website.kimthanh.com.vn/media/catalog/product/placeholder.png,https://kimthanh.com.vn/win21-op-den-den-bong-nh1-l.html
64350K2PV60ZC,Ốp đèn đen bóng (NH1) phải Winner 2021 V3,Honda,Dàn nhựa Honda,175000,True,,,,,https://api-website.kimthanh.com.vn/pub/media/catalog/product/6/4/64350k2pv60zc.webp,https://kimthanh.com.vn/win21-op-den-den-bong-nh1-r.html
64502K96V00ZD,Ốp đèn xám trái PCX 2017 - LED,Honda,Dàn nhựa PCX 2017,685000,True,,,,,https://api-website.kimthanh.com.vn/pub/media/catalog/product/6/4/64502k96v00zd.webp,https://kimthanh.com.vn/pcx17-op-den-xam-l.html
64501K97T00ZG,Ốp đèn xám phải PCX 2017 - LED,,không lấy được thông tin từ website,655000,True,,,,,https://api-website.kimthanh.com.vn/media/catalog/product/placeholder.png,https://kimthanh.com.vn/op-den-xam-phai-pcx-2017-led.html
64502K96V00ZG,Ốp đèn xám mờ trái PCX 2017 - LED,,không lấy được thông tin từ website,635000,True,,,,,https://api-website.kimthanh.com.vn/media/catalog/product/placeholder.png,https://kimthanh.com.vn/op-den-xam-mo-trai-pcx-2017-led.html
64501K97T00ZK,Ốp đèn xám mờ phải PCX 2017 - LED,Honda,Dàn nhựa PCX 2017,635000,True,,,,,https://api-website.kimthanh.com.vn/pub/media/catalog/product/6/4/64501k97t00zk.webp,https://kimthanh.com.vn/pcx17-op-den-xam-mo-r.html
64502K35V00ZA,Ốp đèn xám bóng trái không tem PCX 2015 - LED,Honda,không lấy được thông tin từ website,595000,True,,,,,https://api-website.kimthanh.com.vn/pub/media/catalog/product/6/4/64502k35v00za.webp,https://kimthanh.com.vn/pcx15-op-den-xam-bong-l-khong-tem.html
64501K35V00ZA,Ốp đèn xám bóng phải không tem PCX 2015 - LED,Honda,Dàn nhựa PCX 2015,605000,True,,,,,https://api-website.kimthanh.com.vn/pub/media/catalog/product/6/4/64501k35v00za.webp,https://kimthanh.com.vn/pcx15-op-den-xam-bong-r-khong-tem.html
64502KWN902ZH,Ốp đèn Việt Nam đồng trái PCX 2010 đời đầu,Honda,không lấy được thông tin từ website,680000,True,,,,,https://api-website.kimthanh.com.vn/pub/media/catalog/product/6/4/64502kwn902zh.webp,https://kimthanh.com.vn/pcx-op-den-vn-dong-l.html
64501KWN902ZH,Ốp đèn Việt Nam đồng phải PCX 2010 đời đầu,Honda,Dàn nhựa PCX 2010,685000,True,,,,,https://api-website.kimthanh.com.vn/media/catalog/product/placeholder.png,https://kimthanh.com.vn/pcx-op-den-vn-dong-r.html
64502KWN902ZP,Ốp đèn Việt Nam đô trái PCX 2010 đời đầu,Honda,Dàn nhựa PCX,415000,True,,,,,https://api-website.kimthanh.com.vn/pub/media/catalog/product/6/4/64502kwn902zp.webp,https://kimthanh.com.vn/pcx-op-den-vn-do-l.html
64501KWN902ZP,Ốp đèn Việt Nam đô phải PCX 2010 đời đầu,Honda,Dàn nhựa PCX 2010,425000,True,,,,,https://api-website.kimthanh.com.vn/pub/media/catalog/product/6/4/64501kwn902zp.webp,https://kimthanh.com.vn/pcx-op-den-vn-do-r.html
64502KWN900ZG,Ốp đèn Việt Nam đen trái không tem PCX 2010 đời đầu,,không lấy được thông tin từ website,645000,True,,,,,https://api-website.kimthanh.com.vn/media/catalog/product/placeholder.png,https://kimthanh.com.vn/op-den-viet-nam-den-trai-khong-tem-pcx-2010-doi-dau.html
64510KZY701ZM,Ốp đèn Việt Nam đen trái có tem PCX 2010 đời đầu,Honda,Dàn nhựa PCX,715000,True,,,,,https://api-website.kimthanh.com.vn/media/catalog/product/placeholder.png,https://kimthanh.com.vn/pcx-op-den-vn-den-l-co-tem.html
64501KWN902ZG,Ốp đèn Việt Nam đen phải không tem PCX 2010 đời đầu,Honda,Dàn nhựa PCX 2010,685000,True,,,,,https://api-website.kimthanh.com.vn/media/catalog/product/placeholder.png,https://kimthanh.com.vn/pcx-op-den-vn-den-r.html
64500KZY701ZH,Ốp đèn Việt Nam đen phải có tem PCX 2010 đời đầu,Honda,Dàn nhựa PCX 2010,730000,True,,,,,https://api-website.kimthanh.com.vn/pub/media/catalog/product/6/4/64500kzy701zh.webp,https://kimthanh.com.vn/pcx-op-den-vn-den-r-co-tem.html
64502KWN902ZQ,Ốp đèn Việt Nam trắng trái PCX 2010 đời đầu,,không lấy được thông tin từ website,425000,True,,,,,https://api-website.kimthanh.com.vn/media/catalog/product/placeholder.png,https://kimthanh.com.vn/op-den-viet-nam-trang-trai-pcx-2010-doi-dau.html
64501KWN902ZQ,Ốp đèn Việt Nam trắng phải PCX 2010 đời đầu,Honda,không lấy được thông tin từ website,425000,True,,,,,https://api-website.kimthanh.com.vn/media/catalog/product/placeholder.png,https://kimthanh.com.vn/pcx-op-den-vn-trang-r.html
64502KWN902ZN,Ốp đèn Việt Nam nâu trái PCX 2010 đời đầu,Honda,Dàn nhựa PCX 2010,415000,True,,,,,https://api-website.kimthanh.com.vn/pub/media/catalog/product/6/4/64502kwn902zn.webp,https://kimthanh.com.vn/pcx-op-den-vn-nau-l.html
64501KWN902ZN,Ốp đèn Việt Nam nâu phải PCX 2010 đời đầu,Honda,Dàn nhựa PCX 2010,415000,True,,,,,https://api-website.kimthanh.com.vn/media/catalog/product/placeholder.png,https://kimthanh.com.vn/pcx-op-den-vn-nau-r.html
64360K2PV60ZB,Ốp đèn tươi trái Winner 2021 V3,Honda,Dàn nhựa Honda,175000,True,,,,,https://api-website.kimthanh.com.vn/pub/media/catalog/product/6/4/64360k2pv60zb.webp,https://kimthanh.com.vn/win21-op-den-tuoi-l.html
64360K56V50ZE,Ốp đèn tươi trái không tem Winner 2019 V2,Honda,không lấy được thông tin từ website,190000,True,,,,,https://api-website.kimthanh.com.vn/pub/media/catalog/product/6/4/64360k56v50ze.webp,https://kimthanh.com.vn/win19-op-den-tuoi-l-khong-tem.html
64350K2PV60ZB,Ốp đèn tươi phải Winner 2021 V3,Honda,không lấy được thông tin từ website,190000,True,,,,,https://api-website.kimthanh.com.vn/pub/media/catalog/product/6/4/64350k2pv60zb.webp,https://kimthanh.com.vn/win21-op-den-tuoi-r.html
64350K56V50ZE,Ốp đèn tươi phải không tem Winner 2019 V2,Honda,không lấy được thông tin từ website,190000,True,,,,,https://api-website.kimthanh.com.vn/pub/media/catalog/product/6/4/64350k56v50ze.webp,https://kimthanh.com.vn/win19-op-den-tuoi-r-khong-tem.html
64502K96V00ZE,Ốp đèn trắng trái PCX 2017 - LED,,không lấy được thông tin từ website,420000,True,,,,,https://api-website.kimthanh.com.vn/media/catalog/product/placeholder.png,https://kimthanh.com.vn/op-den-trang-trai-pcx-2017-led.html
64501K97T00ZH,Ốp đèn trắng phải PCX 2017 - LED,,không lấy được thông tin từ website,640000,True,,,,,https://api-website.kimthanh.com.vn/media/catalog/product/placeholder.png,https://kimthanh.com.vn/op-den-trang-phai-pcx-2017-led.html
64601K2SV00ZA,Ốp đèn trên đô mờ trái Vario Việt Nam 2022,Honda,Dàn nhựa Honda,190000,True,,,,,https://api-website.kimthanh.com.vn/pub/media/catalog/product/6/4/64601k2sv00za.webp,https://kimthanh.com.vn/moi-var22-op-den-tren-vn-do-mo-l-abs-r406m.html
64501K2SV00ZA,Ốp đèn trên đô mờ phải Vario Việt Nam 2022,Honda,không lấy được thông tin từ website,190000,True,,,,,https://api-website.kimthanh.com.vn/pub/media/catalog/product/6/4/64501k2sv00za.webp,https://kimthanh.com.vn/moi-var22-op-den-tren-vn-do-mo-r-abs-r406m.html
64601K2SV00ZE,Ốp đèn trên đen bóng trái Vario Việt Nam 2022,Honda,không lấy được thông tin từ website,190000,True,,,,,https://api-website.kimthanh.com.vn/pub/media/catalog/product/6/4/64601k2sv00ze.webp,https://kimthanh.com.vn/moi-var22-op-den-tren-vn-den-l-cbs-nhb25m.html
64501K2SV00ZE,Ốp đèn trên đen bóng phải Vario Việt Nam 2022,Honda,Dàn nhựa Honda,190000,True,,,,,https://api-website.kimthanh.com.vn/pub/media/catalog/product/6/4/64501k2sv00ze.webp,https://kimthanh.com.vn/moi-var22-op-den-tren-vn-den-r-cbs-nhb25m.html
64601K2SV00ZD,Ốp đèn trên xám xi măng trái Vario Việt Nam 2022,Honda,Dàn nhựa Honda,190000,True,,,,,https://api-website.kimthanh.com.vn/pub/media/catalog/product/6/4/64601k2sv00zd.webp,https://kimthanh.com.vn/moi-var22-op-den-tren-vn-xam-l-abs-nhc60p.html
64501K2SV00ZD,Ốp đèn trên xám xi măng phải Vario Việt Nam 2022,Honda,Dàn nhựa Honda,190000,True,,,,,https://api-website.kimthanh.com.vn/pub/media/catalog/product/6/4/64501k2sv00zd.webp,https://kimthanh.com.vn/moi-var22-op-den-tren-vn-xam-r-abs-nhc60p.html
64601K2SV00ZC,Ốp đèn trên mực trái Vario Việt Nam 2022,Honda,Dàn nhựa Honda,190000,True,,,,,https://api-website.kimthanh.com.vn/pub/media/catalog/product/6/4/64601k2sv00zc.webp,https://kimthanh.com.vn/moi-var22-op-den-tren-vn-muc-l-cbs-pb421m.html
64501K2SV00ZC,Ốp đèn trên mực phải Vario Việt Nam 2022,Honda,Dàn nhựa Honda,190000,True,,,,,https://api-website.kimthanh.com.vn/pub/media/catalog/product/6/4/64501k2sv00zc.webp,https://kimthanh.com.vn/moi-var22-op-den-tren-vn-muc-r-cbs-pb421m.html
64502-KWN-900ZE,Ốp đèn Thái Lan đồng trái PCX 2010 đời đầu,Honda,Dàn nhựa PCX 2010,755000,True,,,,,https://api-website.kimthanh.com.vn/media/catalog/product/placeholder.png,https://kimthanh.com.vn/pcx-op-den-tl-dong-l.html
64501-KWN-900ZE,Ốp đèn Thái Lan đồng phải PCX 2010 đời đầu,,không lấy được thông tin từ website,760000,True,,,,,https://api-website.kimthanh.com.vn/media/catalog/product/placeholder.png,https://kimthanh.com.vn/op-den-thai-lan-dong-phai-pcx-2010-doi-dau.html
64502-KWN-900ZC,Ốp đèn Thái Lan đỏ trái PCX 2010 đời đầu,Honda,Dàn nhựa PCX 2010,640000,True,,,,,https://api-website.kimthanh.com.vn/media/catalog/product/placeholder.png,https://kimthanh.com.vn/pcx-op-den-tl-do-l.html
64501-KWN-900ZC,Ốp đèn Thái Lan đỏ phải PCX 2010 đời đầu,Honda,Dàn nhựa PCX 2010,640000,True,,,,,https://api-website.kimthanh.com.vn/pub/media/catalog/product/6/4/64501-kwn-900zc.webp,https://kimthanh.com.vn/pcx-op-den-tl-do-r.html
64502-KWN-900ZA,Ốp đèn Thái Lan đen trái PCX 2010 đời đầu,,không lấy được thông tin từ website,640000,True,,,,,https://api-website.kimthanh.com.vn/media/catalog/product/placeholder.png,https://kimthanh.com.vn/op-den-thai-lan-den-trai-pcx-2010-doi-dau.html
64501-KWN-900ZA,Ốp đèn Thái Lan đen phải PCX 2010 đời đầu,Honda,Dàn nhựa PCX 2010,640000,True,,,,,https://api-website.kimthanh.com.vn/pub/media/catalog/product/6/4/64501-kwn-900za.webp,https://kimthanh.com.vn/pcx-op-den-tl-den-r.html
64502-KWN-900ZD,Ốp đèn Thái Lan xám trái PCX 2010 đời đầu,Honda,Dàn nhựa PCX 2010,640000,True,,,,,https://api-website.kimthanh.com.vn/pub/media/catalog/product/6/4/64502-kwn-900zd.webp,https://kimthanh.com.vn/pcx-op-den-tl-xam-l.html
64501-KWN-900ZD,Ốp đèn Thái Lan xám phải PCX 2010 đời đầu,,không lấy được thông tin từ website,640000,True,,,,,https://api-website.kimthanh.com.vn/media/catalog/product/placeholder.png,https://kimthanh.com.vn/op-den-thai-lan-xam-phai-pcx-2010-doi-dau.html
64502-KWN-900ZB,Ốp đèn Thái Lan trắng trái PCX 2010 đời đầu,Honda,Dàn nhựa PCX 2010,640000,True,,,,,https://api-website.kimthanh.com.vn/pub/media/catalog/product/6/4/64502-kwn-900zb.webp,https://kimthanh.com.vn/pcx-op-den-tl-trang-l.html
64501-KWN-900ZB,Ốp đèn Thái Lan trắng phải PCX 2010 đời đầu,,không lấy được thông tin từ website,640000,True,,,,,https://api-website.kimthanh.com.vn/media/catalog/product/placeholder.png,https://kimthanh.com.vn/op-den-thai-lan-trang-phai-pcx-2010-doi-dau.html
80200K2ZV00ZA,Ốp đèn soi biển số AB 2022,Honda,Dàn nhựa Honda,40000,True,,,,,https://api-website.kimthanh.com.vn/pub/media/catalog/product/8/0/80200K2ZV00ZA_1_2.jpg,https://kimthanh.com.vn/ab22-chup-den-bang-so.html
64360K56V50ZB,Ốp đèn mực trái không tem Winner 2019 V2,Honda,không lấy được thông tin từ website,190000,True,,,,,https://api-website.kimthanh.com.vn/pub/media/catalog/product/6/4/64360k56v50zb.webp,https://kimthanh.com.vn/win19-op-den-muc-l-khong-tem.html
64502K35V00ZS,Ốp đèn mực trái không tem PCX 2015 - LED,Honda,Dàn nhựa PCX 2015,1310000,True,,,,,https://api-website.kimthanh.com.vn/pub/media/catalog/product/6/4/64502k35v00zs.webp,https://kimthanh.com.vn/pcx15-op-den-muc-l-khong-tem.html
64600K96J10ZA,Ốp đèn mực trái có tem PCX 2017 - LED,Honda,Dàn nhựa PCX 2017,1115000,True,,,,,https://api-website.kimthanh.com.vn/media/catalog/product/placeholder.png,https://kimthanh.com.vn/pcx17-op-den-muc-l-co-tem.html
64350K56V50ZB,Ốp đèn mực phải không tem Winner 2019 V2,Honda,không lấy được thông tin từ website,190000,True,,,,,https://api-website.kimthanh.com.vn/media/catalog/product/placeholder.png,https://kimthanh.com.vn/win19-op-den-muc-r-khong-tem.html
64501K35V00ZS,Ốp đèn mực phải không tem PCX 2015 - LED,,không lấy được thông tin từ website,1315000,True,,,,,https://api-website.kimthanh.com.vn/media/catalog/product/placeholder.png,https://kimthanh.com.vn/op-den-muc-phai-khong-tem-pcx-2015-led.html
64500K97T10ZB,Ốp đèn mực phải có tem PCX 2017 - LED,,không lấy được thông tin từ website,1140000,True,,,,,https://api-website.kimthanh.com.vn/media/catalog/product/placeholder.png,https://kimthanh.com.vn/op-den-muc-phai-co-tem-pcx-2017-led.html
64600K35V30ZC,Ốp đèn lục mờ trái có tem PCX 2015 - LED,Honda,Dàn nhựa PCX 2015,1015000,True,,,,,https://api-website.kimthanh.com.vn/pub/media/catalog/product/6/4/64600k35v30zc.webp,https://kimthanh.com.vn/pcx15-op-den-luc-mo-l-khong-tem.html
64500K35V30ZC,Ốp đèn lục mờ phải có tem PCX 2015 - LED,Honda,Dàn nhựa PCX 2015,805000,True,,,,,https://api-website.kimthanh.com.vn/pub/media/catalog/product/6/4/64500k35v30zc.webp,https://kimthanh.com.vn/pcx15-op-den-luc-mo-r-khong-tem.html
83530K0RV00ZE,Ốp đèn lái đen bóng ánh xanh SH 2020,Honda,Dàn nhựa SH VN 2020,170000,True,,,,,https://api-website.kimthanh.com.vn/media/catalog/product/placeholder.png,https://kimthanh.com.vn/sh20-rua-den.html
83530K0RV00ZG,Ốp đèn lái xám xi măng SH 2020,Honda,Dàn nhựa SH 350i 2022,155000,True,,,,,https://api-website.kimthanh.com.vn/pub/media/catalog/product/8/3/83530k0rv00zg.webp,https://kimthanh.com.vn/sh22-rua-xam-xi-mang.html
33708K03N30ZH,Ốp đèn lái xám Wave RSX 2015,,không lấy được thông tin từ website,70000,True,,,,,https://api-website.kimthanh.com.vn/media/catalog/product/placeholder.png,https://kimthanh.com.vn/op-den-lai-xam-wave-rsx-2015.html
33708K03N30ZF,Ốp đèn lái tươi Wave RSX 2015,,không lấy được thông tin từ website,70000,True,,,,,https://api-website.kimthanh.com.vn/media/catalog/product/placeholder.png,https://kimthanh.com.vn/op-den-lai-tuoi-wave-rsx-2015.html
33708KWW600ZF,Ốp đèn lái trên đô Wave S/RS 110cc,Honda,Dàn nhựa Wave S 110,60000,True,,,,,https://api-website.kimthanh.com.vn/media/catalog/product/placeholder.png,https://kimthanh.com.vn/s110-rua-do.html
83530K0RV00ZJ,Ốp đèn lái trên đô SH 2020,Honda,Dàn nhựa SH 2020,90000,True,,,,,https://api-website.kimthanh.com.vn/media/catalog/product/placeholder.png,https://kimthanh.com.vn/sh20-rua-do-r350c.html
64440K07940ZC,Ốp đèn lái trên đô có tem Wave RSX 2012,,không lấy được thông tin từ website,95000,True,,,,,https://api-website.kimthanh.com.vn/media/catalog/product/placeholder.png,https://kimthanh.com.vn/op-den-lai-tren-do-co-tem-wave-rsx-2012.html
80106-K2F-N00,Ốp đèn lái trên đèn lái Thái Lan Scoopy 2021 - đời sau,Honda,Dàn nhựa Honda,30000,True,,,,,https://api-website.kimthanh.com.vn/pub/media/catalog/product/8/0/80106-k2f-n00.webp,https://kimthanh.com.vn/sco21-rua-den-lai-tl.html
33708KWW600ZG,Ốp đèn lái trên đen Wave S/RS 110cc,Honda,Dàn nhựa Wave S 110,60000,True,,,,,https://api-website.kimthanh.com.vn/pub/media/catalog/product/3/3/33708kww600zg.webp,https://kimthanh.com.vn/s110-rua-den.html
33708K03N30ZE,Ốp đèn lái trên đen mờ Wave RSX 2015,Honda,Dàn nhựa Wave RSX 2015,70000,True,,,,,https://api-website.kimthanh.com.vn/media/catalog/product/placeholder.png,https://kimthanh.com.vn/rsx15-rua-den-mo.html
83530K0RV00ZF,Ốp đèn lái trên đen mờ SH 2020,Honda,Dàn nhựa SH 350i 2022,155000,True,,,,,https://api-website.kimthanh.com.vn/pub/media/catalog/product/8/3/83530k0rv00zf.webp,https://kimthanh.com.vn/sh22-rua-den-mo.html
64440K07940ZD,Ốp đèn lái trên đen có tem Wave RSX 2012,,không lấy được thông tin từ website,95000,True,,,,,https://api-website.kimthanh.com.vn/media/catalog/product/placeholder.png,https://kimthanh.com.vn/op-den-lai-tren-den-co-tem-wave-rsx-2012.html
33708K03N30ZB,Ốp đèn lái trên đen bóng Wave RSX 2015,Honda,Dàn nhựa Wave RSX 2015,70000,True,,,,,https://api-website.kimthanh.com.vn/media/catalog/product/placeholder.png,https://kimthanh.com.vn/rsx15-rua-den-bong.html
83530K0RV00ZK,Ốp đèn lái trên đen bóng SH 2020,Honda,Dàn nhựa SH 2020,160000,True,,,,,https://api-website.kimthanh.com.vn/media/catalog/product/placeholder.png,https://kimthanh.com.vn/sh20-rua-den-bong-nh1.html
33708K03N30ZA,Ốp đèn lái trên trắng Wave RSX 2015,,không lấy được thông tin từ website,70000,True,,,,,https://api-website.kimthanh.com.vn/media/catalog/product/placeholder.png,https://kimthanh.com.vn/op-den-lai-tren-trang-wave-rsx-2015.html
33708KWW600YF,Ốp đèn lái trên trắng sữa Wave S/RS 110cc,,không lấy được thông tin từ website,60000,True,,,,,https://api-website.kimthanh.com.vn/media/catalog/product/placeholder.png,https://kimthanh.com.vn/op-den-lai-tren-trang-sua-wave-srs-110cc.html
64440K07940ZB,Ốp đèn lái trên trắng có tem Wave RSX 2012,,không lấy được thông tin từ website,120000,True,,,,,https://api-website.kimthanh.com.vn/media/catalog/product/placeholder.png,https://kimthanh.com.vn/op-den-lai-tren-trang-co-tem-wave-rsx-2012.html
83520-K2F-T80ZC,Ốp đèn lái trên Thái Lan đô mờ tem Honda xám - 2023 Scoopy 2021 - đời sau,Honda,Dàn nhựa Honda,290000,True,,,,,https://api-website.kimthanh.com.vn/media/catalog/product/placeholder.png,https://kimthanh.com.vn/sco21-rua-tren-tl-do-mo-tem-honda-xam-2023.html
83520-K2F-T00ZA,Ốp đèn lái trên Thái Lan đô mờ tem Honda trắng - 2021 Scoopy 2021 - đời sau,Honda,Dàn nhựa Honda,290000,True,,,,,https://api-website.kimthanh.com.vn/media/catalog/product/placeholder.png,https://kimthanh.com.vn/sco21-rua-tren-tl-do-mo-tem-honda-trang-2021.html
83520-K2F-T40ZB,Ốp đèn lái trên Thái Lan đô mờ tem Honda bạc - 2022 Scoopy 2021 - đời sau,Honda,Dàn nhựa Honda,290000,True,,,,,https://api-website.kimthanh.com.vn/pub/media/catalog/product/8/3/83520-k2f-t40zb.webp,https://kimthanh.com.vn/sco21-rua-tren-tl-do-mo-tem-honda-bac-2022.html
83520-K2F-T80ZA,Ốp đèn lái trên Thái Lan đô bóng tem Honda xám - 2023 Scoopy 2021 - đời sau,Honda,Dàn nhựa Honda,290000,True,,,,,https://api-website.kimthanh.com.vn/pub/media/catalog/product/8/3/83520-k2f-t80za.webp,https://kimthanh.com.vn/sco21-rua-tren-tl-do-bong-tem-honda-xam-2023.html
83520-K2F-T80ZF,Ốp đèn lái trên Thái Lan đen mờ tem Honda xám - 2023 Scoopy 2021 - đời sau,Honda,Dàn nhựa Honda,290000,True,,,,,https://api-website.kimthanh.com.vn/media/catalog/product/placeholder.png,https://kimthanh.com.vn/sco21-rua-tren-tl-den-mo-tem-honda-xam-2023.html
83520-K2F-T00ZC,Ốp đèn lái trên Thái Lan đen mờ tem Honda trắng - 2021 Scoopy 2021 - đời sau,Honda,Dàn nhựa Honda,290000,True,,,,,https://api-website.kimthanh.com.vn/pub/media/catalog/product/8/3/83520-k2f-t00zc.webp,https://kimthanh.com.vn/sco21-rua-tren-tl-den-mo-tem-honda-trang-2021.html
83520-K2F-T40ZE,Ốp đèn lái trên Thái Lan đen mờ tem Honda bạc - 2022 Scoopy 2021 - đời sau,Honda,Dàn nhựa Honda,290000,True,,,,,https://api-website.kimthanh.com.vn/pub/media/catalog/product/8/3/83520-k2f-t40ze.webp,https://kimthanh.com.vn/sco21-rua-tren-tl-den-mo-tem-honda-bac-2022.html
83520-K2F-T80ZE,Ốp đèn lái trên Thái Lan trắng xanh tem Honda xám - 2023 Scoopy 2021 - đời sau,Honda,Dàn nhựa Honda,290000,True,,,,,https://api-website.kimthanh.com.vn/media/catalog/product/placeholder.png,https://kimthanh.com.vn/sco21-rua-tren-tl-trang-xanh-tem-honda-xam-2023.html
83520-K2F-T00ZB,Ốp đèn lái trên Thái Lan trắng sữa tem Honda đen - 2021 Scoopy 2021 - đời sau,Honda,Dàn nhựa Honda,290000,True,,,,,https://api-website.kimthanh.com.vn/media/catalog/product/placeholder.png,https://kimthanh.com.vn/sco21-rua-tren-tl-trang-sua-tem-honda-den-2021.html
83520-K2F-T40ZD,Ốp đèn lái trên Thái Lan trắng sữa tem Honda bạc - 2022 Scoopy 2021 - đời sau,Honda,Dàn nhựa Honda,290000,True,,,,,https://api-website.kimthanh.com.vn/media/catalog/product/placeholder.png,https://kimthanh.com.vn/sco21-rua-tren-tl-trang-sua-tem-honda-bac-2022.html
83520-K2F-T40ZC,Ốp đèn lái trên Thái Lan lục mờ tem Honda xám - 2022 Scoopy 2021 - đời sau,Honda,Dàn nhựa Honda,290000,True,,,,,https://api-website.kimthanh.com.vn/pub/media/catalog/product/8/3/83520-k2f-t40zc.webp,https://kimthanh.com.vn/sco21-rua-tren-tl-luc-mo-tem-honda-xam-2022.html
83520-K2F-T00ZJ,Ốp đèn lái trên Thái Lan dương tem Honda trắng - 2021 Scoopy 2021 - đời sau,Honda,Dàn nhựa Honda,290000,True,,,,,https://api-website.kimthanh.com.vn/pub/media/catalog/product/8/3/83520-k2f-t00zj.webp,https://kimthanh.com.vn/sco21-rua-tren-tl-duong-tem-honda-trang-2021.html
83751K1NV00ZA,Ốp đèn lái trên lớn đô SH Mode 2021,Honda,Dàn nhựa SH Mode VN 2021,95000,True,,,,,https://api-website.kimthanh.com.vn/pub/media/catalog/product/8/3/83751k1nv00za.webp,https://kimthanh.com.vn/sh21-rua-lon-do.html
83750K29900ZP,Ốp đèn lái trên lớn đô SH Mode 2013 - đời đầu,Honda,Dàn nhựa SH Mode VN 2013,95000,True,,,,,https://api-website.kimthanh.com.vn/media/catalog/product/placeholder.png,https://kimthanh.com.vn/sh13-rua-lon-do-r368c.html
83750K29900ZG,Ốp đèn lái trên lớn đen SH Mode 2013 - đời đầu,Honda,Dàn nhựa SH Mode VN 2013,100000,True,,,,,https://api-website.kimthanh.com.vn/pub/media/catalog/product/8/3/83750k29900zg.webp,https://kimthanh.com.vn/sh13-rua-lon-den.html
83751K1NV00ZH,Ốp đèn lái trên lớn đen mờ SH Mode 2021,Honda,Dàn nhựa SH Mode 2020,95000,True,,,,,https://api-website.kimthanh.com.vn/media/catalog/product/placeholder.png,https://kimthanh.com.vn/sh21-rua-lon-den-mo.html
83751K1NV00ZG,Ốp đèn lái trên lớn xám xi măng SH Mode 2021,Honda,Dàn nhựa SH Mode 2020,95000,True,,,,,https://api-website.kimthanh.com.vn/media/catalog/product/placeholder.png,https://kimthanh.com.vn/sh21-rua-lon-xam-xi-mang.html
83750K29900ZJ,Ốp đèn lái trên lớn xám SH Mode 2013 - đời đầu,Honda,Dàn nhựa SH Mode VN 2013,95000,True,,,,,https://api-website.kimthanh.com.vn/media/catalog/product/placeholder.png,https://kimthanh.com.vn/sh13-rua-lon-xam.html
83750K29900ZC,Ốp đèn lái trên lớn tươi SH Mode 2013 - đời đầu,Honda,không lấy được thông tin từ website,95000,True,,,,,https://api-website.kimthanh.com.vn/pub/media/catalog/product/8/3/83750k29900zc.webp,https://kimthanh.com.vn/sh13-rua-lon-tuoi.html
83751K1NV00ZD,Ốp đèn lái trên lớn trắng SH Mode 2021,Honda,Dàn nhựa SH Mode VN 2021,90000,True,,,,,https://api-website.kimthanh.com.vn/media/catalog/product/placeholder.png,https://kimthanh.com.vn/sh21-rua-lon-trang.html
83750K29900ZF,Ốp đèn lái trên lớn trắng SH Mode 2013 - đời đầu,Honda,Dàn nhựa SH Mode VN 2013,100000,True,,,,,https://api-website.kimthanh.com.vn/pub/media/catalog/product/8/3/83750k29900zf.webp,https://kimthanh.com.vn/sh13-rua-lon-trang.html
83750K29900ZM,Ốp đèn lái trên lớn ngọc SH Mode 2013 - đời đầu,Honda,không lấy được thông tin từ website,95000,True,,,,,https://api-website.kimthanh.com.vn/media/catalog/product/placeholder.png,https://kimthanh.com.vn/sh13-rua-lon-ngoc.html
83751K1NV00ZB,Ốp đèn lái trên lớn mực SH Mode 2021,Honda,Dàn nhựa SH Mode VN 2021,95000,True,,,,,https://api-website.kimthanh.com.vn/pub/media/catalog/product/8/3/83751k1nv00zb.webp,https://kimthanh.com.vn/sh21-rua-lon-muc.html
83750K29900ZE,Ốp đèn lái trên lớn mực SH Mode 2013 - đời đầu,Honda,Dàn nhựa SH Mode VN 2013,95000,True,,,,,https://api-website.kimthanh.com.vn/pub/media/catalog/product/8/3/83750k29900ze.webp,https://kimthanh.com.vn/sh13-rua-lon-muc.html
83751K1NV00ZK,Ốp đèn lái trên lớn mực lợt SH Mode 2021,Honda,Dàn nhựa SH Mode 2020,85000,True,,,,,https://api-website.kimthanh.com.vn/pub/media/catalog/product/wp-content/uploads/2024/02/83751K1NV00ZK.jpg,https://kimthanh.com.vn/sh21-rua-lon-muc-lot-pb421m.html
83750K29900ZV,Ốp đèn lái trên lớn lam SH Mode 2013 - đời đầu,Honda,không lấy được thông tin từ website,95000,True,,,,,https://api-website.kimthanh.com.vn/pub/media/catalog/product/8/3/83750k29900zv.webp,https://kimthanh.com.vn/sh13-rua-lon-lam.html
83751K1NV00ZC,Ốp đèn lái trên lớn kem SH Mode 2021,Honda,không lấy được thông tin từ website,95000,True,,,,,https://api-website.kimthanh.com.vn/pub/media/catalog/product/8/3/83751k1nv00zc.webp,https://kimthanh.com.vn/sh21-rua-lon-kem.html
83750K29900ZA,Ốp đèn lái trên lớn kem SH Mode 2013 - đời đầu,Honda,không lấy được thông tin từ website,95000,True,,,,,https://api-website.kimthanh.com.vn/media/catalog/product/placeholder.png,https://kimthanh.com.vn/sh13-rua-lon-kem.html
83750K29900ZQ,Ốp đèn lái trên lớn dương SH Mode 2013 - đời đầu,Honda,Dàn nhựa SH Mode VN 2013,95000,True,,,,,https://api-website.kimthanh.com.vn/pub/media/catalog/product/8/3/83750k29900zq.webp,https://kimthanh.com.vn/sh13-rua-lon-duong.html
83751K1NV00ZF,Ốp đèn lái trên lớn bạc SH Mode 2021,Honda,Dàn nhựa SH Mode VN 2021,90000,True,,,,,https://api-website.kimthanh.com.vn/media/catalog/product/placeholder.png,https://kimthanh.com.vn/sh21-rua-lon-bac.html
83750K29900ZN,Ốp đèn lái trên lớn bạc mờ SH Mode 2013 - đời đầu,Honda,không lấy được thông tin từ website,95000,True,,,,,https://api-website.kimthanh.com.vn/pub/media/catalog/product/8/3/83750k29900zn.webp,https://kimthanh.com.vn/sh13-rua-lon-bac-mo.html
33708KWW600ZH,Ốp đèn lái trên bạc Wave S/RS 110cc,,không lấy được thông tin từ website,60000,True,,,,,https://api-website.kimthanh.com.vn/media/catalog/product/placeholder.png,https://kimthanh.com.vn/op-den-lai-tren-bac-wave-srs-110cc.html
83530K0RV00ZH,Ốp đèn lái trên bạc mờ SH 2020,Honda,Dàn nhựa SH 350i 2022,150000,True,,,,,https://api-website.kimthanh.com.vn/pub/media/catalog/product/8/3/83530k0rv00zh.webp,https://kimthanh.com.vn/sh22-rua-bac-mo.html
64440K07940ZA,Ốp đèn lái trên bạc có tem Wave RSX 2012,,không lấy được thông tin từ website,120000,True,,,,,https://api-website.kimthanh.com.vn/media/catalog/product/placeholder.png,https://kimthanh.com.vn/op-den-lai-tren-bac-co-tem-wave-rsx-2012.html
83530K0RV00ZB,Ốp đèn lái trên bạc bóng SH 2020,,không lấy được thông tin từ website,100000,True,,,,,https://api-website.kimthanh.com.vn/media/catalog/product/placeholder.png,https://kimthanh.com.vn/op-den-lai-tren-bac-bong-sh-2020.html
83761K1NV00ZA,Ốp đèn lái nhỏ đô SH Mode 2021,Honda,Dàn nhựa SH Mode VN 2021,110000,True,,,,,https://api-website.kimthanh.com.vn/pub/media/catalog/product/8/3/83761k1nv00za.webp,https://kimthanh.com.vn/sh21-rua-nho-do.html
83760K29900ZN,Ốp đèn lái nhỏ đô SH Mode 2013 - đời đầu,Honda,không lấy được thông tin từ website,95000,True,,,,,https://api-website.kimthanh.com.vn/pub/media/catalog/product/8/3/83760k29900zn.webp,https://kimthanh.com.vn/sh13-rua-nho-do-r368c.html
83760K29900ZG,Ốp đèn lái nhỏ đen SH Mode 2013 - đời đầu,Honda,Dàn nhựa SH Mode VN 2013,100000,True,,,,,https://api-website.kimthanh.com.vn/media/catalog/product/placeholder.png,https://kimthanh.com.vn/sh13-rua-nho-den.html
83761K1NV00ZG,Ốp đèn lái nhỏ xám xi măng SH Mode 2021,Honda,Dàn nhựa SH Mode 2020,105000,True,,,,,https://api-website.kimthanh.com.vn/pub/media/catalog/product/8/3/83761k1nv00zg.webp,https://kimthanh.com.vn/sh21-rua-nho-xam-xi-mang.html
83760K29900ZJ,Ốp đèn lái nhỏ xám SH Mode 2013 - đời đầu,Honda,Dàn nhựa SH Mode VN 2013,85000,True,,,,,https://api-website.kimthanh.com.vn/pub/media/catalog/product/8/3/83760k29900zj.webp,https://kimthanh.com.vn/sh13-rua-nho-xam.html
83760K29900ZM,Ốp đèn lái nhỏ xám SH Mode 2013 - đời đầu,,không lấy được thông tin từ website,95000,True,,,,,https://api-website.kimthanh.com.vn/media/catalog/product/placeholder.png,https://kimthanh.com.vn/op-den-lai-nho-xam-sh-mode-2013-doi-dau.html
83760K29900ZC,Ốp đèn lái nhỏ tươi không tem SH Mode 2013 - đời đầu,Honda,Dàn nhựa SH Mode VN 2013,95000,True,,,,,https://api-website.kimthanh.com.vn/pub/media/catalog/product/8/3/83760k29900zc.webp,https://kimthanh.com.vn/sh13-rua-nho-tuoi.html
83700K29900ZC,Ốp đèn lái nhỏ tươi có tem SH Mode 2013 - đời đầu,,không lấy được thông tin từ website,100000,True,,,,,https://api-website.kimthanh.com.vn/media/catalog/product/placeholder.png,https://kimthanh.com.vn/op-den-lai-nho-tuoi-co-tem-sh-mode-2013-doi-dau.html
83761K1NV00ZD,Ốp đèn lái nhỏ trắng SH Mode 2021,Honda,không lấy được thông tin từ website,105000,True,,,,,https://api-website.kimthanh.com.vn/pub/media/catalog/product/8/3/83761k1nv00zd.webp,https://kimthanh.com.vn/sh21-rua-nho-trang.html
83760K29900ZF,Ốp đèn lái nhỏ trắng SH Mode 2013 - đời đầu,Honda,không lấy được thông tin từ website,95000,True,,,,,https://api-website.kimthanh.com.vn/pub/media/catalog/product/8/3/83760k29900zf.webp,https://kimthanh.com.vn/sh13-rua-nho-trang.html
83760K29900ZL,Ốp đèn lái nhỏ ngọc SH Mode 2013 - đời đầu,Honda,Dàn nhựa SH Mode VN 2013,90000,True,,,,,https://api-website.kimthanh.com.vn/media/catalog/product/placeholder.png,https://kimthanh.com.vn/sh13-rua-nho-ngoc.html
83761K1NV00ZB,Ốp đèn lái nhỏ mực đậm SH Mode 2021,Honda,Dàn nhựa SH Mode VN 2021,110000,True,,,,,https://api-website.kimthanh.com.vn/pub/media/catalog/product/8/3/83761k1nv00zb.webp,https://kimthanh.com.vn/sh21-rua-nho-muc.html
83760K29900ZE,Ốp đèn lái nhỏ mực SH Mode 2013 - đời đầu,Honda,Dàn nhựa SH Mode VN 2013,100000,True,,,,,https://api-website.kimthanh.com.vn/pub/media/catalog/product/8/3/83760k29900ze.webp,https://kimthanh.com.vn/sh13-rua-nho-muc.html
83761K1NV00ZK,Ốp đèn lái nhỏ mực lợt SH Mode 2021,Honda,Dàn nhựa SH Mode 2020,95000,True,,,,,https://api-website.kimthanh.com.vn/pub/media/catalog/product/8/3/83761k1nv00zk.webp,https://kimthanh.com.vn/sh21-rua-nho-muc-lot-pb421m.html
83760K29900ZU,Ốp đèn lái nhỏ lam SH Mode 2013 - đời đầu,Honda,Dàn nhựa SH Mode VN 2013,95000,True,,,,,https://api-website.kimthanh.com.vn/media/catalog/product/placeholder.png,https://kimthanh.com.vn/sh13-rua-nho-lam.html
83761K1NV00ZC,Ốp đèn lái nhỏ kem SH Mode 2021,Honda,Dàn nhựa SH Mode VN 2021,110000,True,,,,,https://api-website.kimthanh.com.vn/pub/media/catalog/product/8/3/83761k1nv00zc.webp,https://kimthanh.com.vn/sh21-rua-nho-kem.html
83760K29900ZA,Ốp đèn lái nhỏ kem SH Mode 2013 - đời đầu,Honda,không lấy được thông tin từ website,95000,True,,,,,https://api-website.kimthanh.com.vn/pub/media/catalog/product/8/3/83760k29900za.webp,https://kimthanh.com.vn/sh13-rua-nho-kem.html
83760K29900ZP,Ốp đèn lái nhỏ dương SH Mode 2013 - đời đầu,Honda,không lấy được thông tin từ website,95000,True,,,,,https://api-website.kimthanh.com.vn/media/catalog/product/placeholder.png,https://kimthanh.com.vn/sh13-rua-nho-duong.html
83761K1NV00ZF,Ốp đèn lái nhỏ bạc mờ SH Mode 2021,Honda,Dàn nhựa SH Mode VN 2021,105000,True,,,,,https://api-website.kimthanh.com.vn/pub/media/catalog/product/8/3/83761k1nv00zf.webp,https://kimthanh.com.vn/sh21-rua-nho-bac-mo.html
64490K07900,Ốp đèn lái dưới Wave RSX 2012,,không lấy được thông tin từ website,30000,True,,,,,https://api-website.kimthanh.com.vn/media/catalog/product/placeholder.png,https://kimthanh.com.vn/op-den-lai-duoi-wave-rsx-2012.html
83750-K2F-N00ZB,Ốp đèn lái dưới Thái Lan đô mờ Scoopy 2021 - đời sau,Honda,Dàn nhựa Honda,285000,True,,,,,https://api-website.kimthanh.com.vn/pub/media/catalog/product/8/3/83750-k2f-n00zb.webp,https://kimthanh.com.vn/sco21-rua-duoi-tl-do-mo.html
83750-K2F-N00ZX,Ốp đèn lái dưới Thái Lan đô bóng Scoopy 2021 - đời sau,Honda,Dàn nhựa Honda,285000,True,,,,,https://api-website.kimthanh.com.vn/media/catalog/product/placeholder.png,https://kimthanh.com.vn/sco21-rua-duoi-tl-do-bong.html
83750-K2F-N00ZF,Ốp đèn lái dưới Thái Lan đen mờ Scoopy 2021 - đời sau,Honda,Dàn nhựa Honda,285000,True,,,,,https://api-website.kimthanh.com.vn/pub/media/catalog/product/8/3/83750-k2f-n00zf.webp,https://kimthanh.com.vn/sco21-rua-duoi-tl-den-mo.html
83750-K2F-N00ZG,Ốp đèn lái dưới Thái Lan trắng xanh - 2023 Scoopy 2021 - đời sau,Honda,Dàn nhựa Honda,285000,True,,,,,https://api-website.kimthanh.com.vn/media/catalog/product/placeholder.png,https://kimthanh.com.vn/sco21-rua-duoi-tl-trang-xanh-2023.html
83750-K2F-N00ZH,"Ốp đèn lái dưới Thái Lan trắng sữa - 2021, 2022 Scoopy 2021 - đời sau",Honda,Dàn nhựa Honda,285000,True,,,,,https://api-website.kimthanh.com.vn/media/catalog/product/placeholder.png,https://kimthanh.com.vn/sco21-rua-duoi-tl-trang-sua-2021-2022.html
83750-K2F-N00ZU,Ốp đèn lái dưới Thái Lan lục mờ Scoopy 2021 - đời sau,Honda,Dàn nhựa Honda,285000,True,,,,,https://api-website.kimthanh.com.vn/media/catalog/product/placeholder.png,https://kimthanh.com.vn/sco21-rua-duoi-tl-luc-mo.html
83750-K2F-N00ZD,Ốp đèn lái dưới Thái Lan dương Scoopy 2021 - đời sau,Honda,Dàn nhựa Honda,285000,True,,,,,https://api-website.kimthanh.com.vn/media/catalog/product/placeholder.png,https://kimthanh.com.vn/sco21-rua-duoi-tl-duong.html
33708K03N30ZJ,Ốp đèn lái dương Wave RSX 2015,,không lấy được thông tin từ website,70000,True,,,,,https://api-website.kimthanh.com.vn/media/catalog/product/placeholder.png,https://kimthanh.com.vn/op-den-lai-duong-wave-rsx-2015.html
5P1F171E00P7,Ốp đèn hậu trên đồng lợt Nouvo 4 LX,Yamaha,không lấy được thông tin từ website,55000,True,,,,,https://api-website.kimthanh.com.vn/pub/media/catalog/product/5/p/5p1f171e00p7.jpg,https://kimthanh.com.vn/no4-rua-dong.html
44SF171E00P7,Ốp đèn hậu trên đồng lợt Luvias xăng cơ,Yamaha,không lấy được thông tin từ website,65000,True,,,,,https://api-website.kimthanh.com.vn/media/catalog/product/placeholder.png,https://kimthanh.com.vn/lu-rua-dong-lot.html
5P1F171E00P9,Ốp đèn hậu trên đô Nouvo 4 LX,Yamaha,không lấy được thông tin từ website,55000,True,,,,,https://api-website.kimthanh.com.vn/pub/media/catalog/product/5/p/5p1f171e00p9.jpg,https://kimthanh.com.vn/no4-rua-do.html
44SF171E00P5,Ốp đèn hậu trên đô Luvias xăng cơ,Yamaha,không lấy được thông tin từ website,65000,True,,,,,https://api-website.kimthanh.com.vn/media/catalog/product/placeholder.png,https://kimthanh.com.vn/lu-rua-do.html
5P1F171E00P8,Ốp đèn hậu trên đen Nouvo 4 LX,Yamaha,không lấy được thông tin từ website,55000,True,,,,,https://api-website.kimthanh.com.vn/pub/media/catalog/product/5/P/5P1F171E00P8.webp,https://kimthanh.com.vn/no4-rua-den.html
2B5F171E00PA,Ốp đèn hậu trên đen Nouvo 2,Yamaha,Dàn nhựa Yamaha,70000,True,,,,,https://api-website.kimthanh.com.vn/pub/media/catalog/product/2/b/2b5f171e00pa.jpg,https://kimthanh.com.vn/no2-rua-den.html
5WPF174100P8,Ốp đèn hậu trên đen Mio 2004 đời đầu,Yamaha,không lấy được thông tin từ website,60000,True,,,,,https://api-website.kimthanh.com.vn/pub/media/catalog/product/5/w/5wpf174100p8.jpg,https://kimthanh.com.vn/mio-rua-den.html
44SF171E00P1,Ốp đèn hậu trên đen Luvias xăng cơ,Yamaha,không lấy được thông tin từ website,65000,True,,,,,https://api-website.kimthanh.com.vn/pub/media/catalog/product/4/4/44SF171E00P1.webp,https://kimthanh.com.vn/lu-rua-den.html
5SDF171E00PA,Ốp đèn hậu trên đen Jupiter V,Yamaha,không lấy được thông tin từ website,85000,True,,,,,https://api-website.kimthanh.com.vn/media/catalog/product/placeholder.png,https://kimthanh.com.vn/juv-rua-den.html
2S0F171E00PA,Ốp đèn hậu trên đen Jupiter MX,Yamaha,không lấy được thông tin từ website,55000,True,,,,,https://api-website.kimthanh.com.vn/media/catalog/product/placeholder.png,https://kimthanh.com.vn/jumx-rua-den.html
44SF171E00P9,Ốp đèn hậu trên xám đậm Luvias xăng cơ,Yamaha,Bộ lửa Yamaha,65000,True,,,,,https://api-website.kimthanh.com.vn/media/catalog/product/placeholder.png,https://kimthanh.com.vn/lu-rua-xanh-den.html
5P1F171E00P0,Ốp đèn hậu trên xám đen Nouvo 4 LX,Yamaha,không lấy được thông tin từ website,55000,True,,,,,https://api-website.kimthanh.com.vn/pub/media/catalog/product/5/p/5p1f171e00p0.jpg,https://kimthanh.com.vn/no4-rua-xam-den.html
44SF171E00P8,Ốp đèn hậu trên xám lợt Luvias xăng cơ,Yamaha,không lấy được thông tin từ website,65000,True,,,,,https://api-website.kimthanh.com.vn/media/catalog/product/placeholder.png,https://kimthanh.com.vn/lu-rua-xam.html
2B5F171E00P3,Ốp đèn hậu trên tươi Nouvo 2,Yamaha,Dàn nhựa Yamaha,70000,True,,,,,https://api-website.kimthanh.com.vn/media/catalog/product/placeholder.png,https://kimthanh.com.vn/no2-rua-tuoi.html
5WPF174100P5,Ốp đèn hậu trên tươi Mio 2004 đời đầu,Yamaha,không lấy được thông tin từ website,60000,True,,,,,https://api-website.kimthanh.com.vn/pub/media/catalog/product/5/w/5wpf174100p5.jpg,https://kimthanh.com.vn/mio-rua-tuoi.html
44SF171E00P3,Ốp đèn hậu trên tươi Luvias xăng cơ,Yamaha,không lấy được thông tin từ website,65000,True,,,,,https://api-website.kimthanh.com.vn/pub/media/catalog/product/4/4/44sf171e00p3.jpg,https://kimthanh.com.vn/lu-rua-tuoi.html
5SDF171E00P4,Ốp đèn hậu trên tươi Jupiter V,,không lấy được thông tin từ website,85000,True,,,,,https://api-website.kimthanh.com.vn/media/catalog/product/placeholder.png,https://kimthanh.com.vn/op-den-hau-tren-tuoi-jupiter-v.html
2S0F171E00P2,Ốp đèn hậu trên tươi Jupiter MX,Yamaha,không lấy được thông tin từ website,55000,True,,,,,https://api-website.kimthanh.com.vn/pub/media/catalog/product/2/s/2s0f171e00p2.jpg,https://kimthanh.com.vn/jumx-rua-tuoi.html
44SF171E00P0,Ốp đèn hậu trên trắng xanh Luvias xăng cơ,Yamaha,không lấy được thông tin từ website,65000,True,,,,,https://api-website.kimthanh.com.vn/pub/media/catalog/product/4/4/44sf171e00p0.jpg,https://kimthanh.com.vn/lu-rua-trang-xanh.html
44SF171E00P6,Ốp đèn hậu trên trắng sữa Luvias xăng cơ,Yamaha,không lấy được thông tin từ website,65000,True,,,,,https://api-website.kimthanh.com.vn/pub/media/catalog/product/4/4/44sf171e00p6.jpg,https://kimthanh.com.vn/lu-rua-trang-sua.html
5P1F171E00P5,Ốp đèn hậu trên trắng Nouvo 4 LX,Yamaha,không lấy được thông tin từ website,55000,True,,,,,https://api-website.kimthanh.com.vn/pub/media/catalog/product/5/P/5P1F171E00P5.webp,https://kimthanh.com.vn/no4-rua-trang.html
2B5F171E00P9,Ốp đèn hậu trên trắng Nouvo 2,Yamaha,Dàn nhựa Yamaha,70000,True,,,,,https://api-website.kimthanh.com.vn/pub/media/catalog/product/2/b/2b5f171e00p9.jpg,https://kimthanh.com.vn/no2-rua-trang.html
5WPF174100P4,Ốp đèn hậu trên trắng Mio 2004 đời đầu,Yamaha,không lấy được thông tin từ website,60000,True,,,,,https://api-website.kimthanh.com.vn/pub/media/catalog/product/5/w/5wpf174100p4.jpg,https://kimthanh.com.vn/mio-rua-trang.html
5SDF171E00P7,Ốp đèn hậu trên trắng Jupiter V,,không lấy được thông tin từ website,85000,True,,,,,https://api-website.kimthanh.com.vn/media/catalog/product/placeholder.png,https://kimthanh.com.vn/op-den-hau-tren-trang-jupiter-v.html
2S0F171E00P7,Ốp đèn hậu trên trắng Jupiter MX,Yamaha,Dàn nhựa Yamaha,55000,True,,,,,https://api-website.kimthanh.com.vn/pub/media/catalog/product/wp-content/uploads/2024/04/2S0F171E00P7.jpg,https://kimthanh.com.vn/jumx-rua-trang.html
83502K12900ZA,Ốp đèn hậu trên trên đồng đậm không tem Lead 2013 - 125cc,Honda,Dàn nhựa Lead 2013,140000,True,,,,,https://api-website.kimthanh.com.vn/media/catalog/product/placeholder.png,https://kimthanh.com.vn/lead13-rua-tren-dong-dam-khong-tem.html
83502K12900ZM,Ốp đèn hậu trên trên đồng lợt không tem Lead 2013 - 125cc,Honda,Dàn nhựa Lead 2013,170000,True,,,,,https://api-website.kimthanh.com.vn/pub/media/catalog/product/8/3/83502k12900zm.webp,https://kimthanh.com.vn/lead13-rua-tren-dong-lot-khong-tem.html
2XCF171E00P2,Ốp đèn hậu trên trên đô Nouvo 6,Yamaha,không lấy được thông tin từ website,65000,True,,,,,https://api-website.kimthanh.com.vn/pub/media/catalog/product/2/x/2xcf171e00p2.jpg,https://kimthanh.com.vn/no6-rua-do.html
2XCF171E01P2,Ốp đèn hậu trên trên đô Nouvo 6,,không lấy được thông tin từ website,65000,True,,,,,https://api-website.kimthanh.com.vn/media/catalog/product/placeholder.png,https://kimthanh.com.vn/op-den-hau-tren-tren-do-nouvo-6.html
83502K12900ZD,Ốp đèn hậu trên trên đô không tem Lead 2013 - 125cc,Honda,Dàn nhựa Lead 2013,180000,True,,,,,https://api-website.kimthanh.com.vn/media/catalog/product/placeholder.png,https://kimthanh.com.vn/lead13-rua-tren-do-khong-tem.html
83603K12V20ZC,Ốp đèn hậu trên trên đô có tem Lead 2017 - LED,Honda,không lấy được thông tin từ website,110000,True,,,,,https://api-website.kimthanh.com.vn/media/catalog/product/placeholder.png,https://kimthanh.com.vn/lead17-rua-tren-do-co-tem.html
83603K12960ZF,Ốp đèn hậu trên trên đô có tem Lead 2013 - 125cc,,không lấy được thông tin từ website,220000,True,,,,,https://api-website.kimthanh.com.vn/pub/media/catalog/product/wp-content/uploads/2025/05/83603K12960ZF.jpg,https://kimthanh.com.vn/op-den-hau-tren-tren-do-co-tem-lead-2013-125cc.html
2XCF171E01P1,Ốp đèn hậu trên trên đen Nouvo 6,Yamaha,không lấy được thông tin từ website,65000,True,,,,,https://api-website.kimthanh.com.vn/media/catalog/product/placeholder.png,https://kimthanh.com.vn/no6-rua-den.html
2XCF171E00P1,Ốp đèn hậu trên trên đen Nouvo 6,,không lấy được thông tin từ website,65000,True,,,,,https://api-website.kimthanh.com.vn/media/catalog/product/placeholder.png,https://kimthanh.com.vn/op-den-hau-tren-tren-den-nouvo-6.html
1DBF171E00P0,Ốp đèn hậu trên trên đen Nouvo 5 SX,Yamaha,không lấy được thông tin từ website,40000,True,,,,,https://api-website.kimthanh.com.vn/pub/media/catalog/product/1/D/1DBF171E00P0.webp,https://kimthanh.com.vn/no5-rua-tren-den.html
83603K12V20ZH,Ốp đèn hậu trên trên đen mờ có tem Lead 2017 - LED,Honda,không lấy được thông tin từ website,115000,True,,,,,https://api-website.kimthanh.com.vn/pub/media/catalog/product/8/3/83603k12v20zh.webp,https://kimthanh.com.vn/lead17-rua-tren-den-mo-co-tem.html
83502K12900ZH,Ốp đèn hậu trên trên đen không tem Lead 2013 - 125cc,Honda,Dàn nhựa Lead 2013,220000,True,,,,,https://api-website.kimthanh.com.vn/pub/media/catalog/product/8/3/83502k12900zh.webp,https://kimthanh.com.vn/lead13-rua-tren-den-khong-tem.html
83603K12900ZK,Ốp đèn hậu trên trên đen có tem Lead 2013 - 125cc,Honda,Dàn nhựa Lead 2013,225000,True,,,,,https://api-website.kimthanh.com.vn/pub/media/catalog/product/8/3/83603k12900zk.webp,https://kimthanh.com.vn/lead13-rua-tren-den-co-tem.html
83603K12V20ZA,Ốp đèn hậu trên trên đen bóng có tem Lead 2017 - LED,Honda,Dàn nhựa Lead 2017,125000,True,,,,,https://api-website.kimthanh.com.vn/media/catalog/product/placeholder.png,https://kimthanh.com.vn/lead17-rua-tren-den-co-tem.html
1DBF171E00PA,Ốp đèn hậu trên trên xám đậm Nouvo 5 SX,Yamaha,Dàn nhựa Yamaha,40000,True,,,,,https://api-website.kimthanh.com.vn/media/catalog/product/placeholder.png,https://kimthanh.com.vn/no5-rua-tren-xam-dam-1086.html
1DBF171E00P4,Ốp đèn hậu trên trên xám chuột Nouvo 5 SX,Yamaha,không lấy được thông tin từ website,40000,True,,,,,https://api-website.kimthanh.com.vn/pub/media/catalog/product/1/d/1dbf171e00p4.jpg,https://kimthanh.com.vn/no5-rua-tren-xam-chuot.html
83502K12900ZQ,Ốp đèn hậu trên trên xanh đậm không tem Lead 2013 - 125cc,Honda,Dàn nhựa Lead 2013,200000,True,,,,,https://api-website.kimthanh.com.vn/pub/media/catalog/product/8/3/83502k12900zq.webp,https://kimthanh.com.vn/lead13-rua-tren-xanh-dam-khong-tem.html
83603K12960ZE,Ốp đèn hậu trên trên xanh đậm có tem Lead 2013 - 125cc,Honda,Dàn nhựa Lead 2013,180000,True,,,,,https://api-website.kimthanh.com.vn/media/catalog/product/placeholder.png,https://kimthanh.com.vn/lead13-rua-tren-xanh-dam-co-tem.html
2XCF171E01P4,Ốp đèn hậu trên trên vàng Nouvo 6,Yamaha,không lấy được thông tin từ website,65000,True,,,,,https://api-website.kimthanh.com.vn/media/catalog/product/placeholder.png,https://kimthanh.com.vn/no6-rua-vang.html
2XCF171E00P4,Ốp đèn hậu trên trên vàng Nouvo 6,,không lấy được thông tin từ website,65000,True,,,,,https://api-website.kimthanh.com.vn/media/catalog/product/placeholder.png,https://kimthanh.com.vn/op-den-hau-tren-tren-vang-nouvo-6.html
1DBF171E00P1,Ốp đèn hậu trên trên vàng Nouvo 5 SX,Yamaha,không lấy được thông tin từ website,40000,True,,,,,https://api-website.kimthanh.com.vn/pub/media/catalog/product/1/d/1dbf171e00p1.jpg,https://kimthanh.com.vn/no5-rua-tren-vang.html
2XCF171E01P5,Ốp đèn hậu trên trên tươi Nouvo 6,Yamaha,không lấy được thông tin từ website,65000,True,,,,,https://api-website.kimthanh.com.vn/pub/media/catalog/product/2/x/2xcf171e01p5.jpg,https://kimthanh.com.vn/no6-rua-tuoi.html
2XCF171E00P5,Ốp đèn hậu trên trên tươi Nouvo 6,,không lấy được thông tin từ website,65000,True,,,,,https://api-website.kimthanh.com.vn/media/catalog/product/placeholder.png,https://kimthanh.com.vn/op-den-hau-tren-tren-tuoi-nouvo-6.html
83603K12V00ZH,Ốp đèn hậu trên trên tươi có tem Lead 2017 - LED,Honda,Dàn nhựa Lead 2017,135000,True,,,,,https://api-website.kimthanh.com.vn/media/catalog/product/placeholder.png,https://kimthanh.com.vn/lead17-rua-tren-tuoi.html
1DBF171E00P5,Ốp đèn hậu trên trên tím Nouvo 5 SX,Yamaha,Dàn nhựa Yamaha,40000,True,,,,,https://api-website.kimthanh.com.vn/media/catalog/product/placeholder.png,https://kimthanh.com.vn/no5-rua-tren-tim.html
83603K12V20ZG,Ốp đèn hậu trên trên trắng xanh có tem Lead 2017 - LED,Honda,Dàn nhựa Lead 2017,125000,True,,,,,https://api-website.kimthanh.com.vn/pub/media/catalog/product/8/3/83603k12v20zg.webp,https://kimthanh.com.vn/lead17-rua-tren-trang-co-tem.html
83603K2TV10ZA,Ốp đèn hậu trên trên trắng sữa có tem - 2021 Lead 2017 - LED,Honda,Dàn nhựa Lead 2017,110000,True,,,,,https://api-website.kimthanh.com.vn/media/catalog/product/placeholder.png,https://kimthanh.com.vn/lead17-rua-tren-trang-sua-co-tem-2021.html
2XCF171E01P6,Ốp đèn hậu trên trên trắng Nouvo 6,Yamaha,không lấy được thông tin từ website,65000,True,,,,,https://api-website.kimthanh.com.vn/media/catalog/product/placeholder.png,https://kimthanh.com.vn/no6-rua-tren-trang.html
1DBF171E00P2,Ốp đèn hậu trên trên trắng Nouvo 5 SX,Yamaha,không lấy được thông tin từ website,40000,True,,,,,https://api-website.kimthanh.com.vn/media/catalog/product/placeholder.png,https://kimthanh.com.vn/no5-rua-tren-trang.html
83603K12V00ZL,Ốp đèn hậu trên trên trắng Lead 2017 - LED,,không lấy được thông tin từ website,125000,True,,,,,https://api-website.kimthanh.com.vn/media/catalog/product/placeholder.png,https://kimthanh.com.vn/op-den-hau-tren-tren-trang-lead-2017-led.html
83502K12900ZG,Ốp đèn hậu trên trên trắng không tem Lead 2013 - 125cc,Honda,Dàn nhựa Lead 2013,180000,True,,,,,https://api-website.kimthanh.com.vn/pub/media/catalog/product/8/3/83502k12900zg.webp,https://kimthanh.com.vn/lead13-rua-tren-trang-khong-tem.html
1DBF171E00P9,Ốp đèn hậu trên trên nâu Nouvo 5 SX,,không lấy được thông tin từ website,40000,True,,,,,https://api-website.kimthanh.com.vn/media/catalog/product/placeholder.png,https://kimthanh.com.vn/op-den-hau-tren-tren-nau-nouvo-5-sx.html
83502K12900ZB,Ốp đèn hậu trên trên nâu không tem Lead 2013 - 125cc,Honda,Dàn nhựa Lead 2013,220000,True,,,,,https://api-website.kimthanh.com.vn/pub/media/catalog/product/8/3/83502k12900zb.webp,https://kimthanh.com.vn/lead13-rua-tren-nau-khong-tem.html
83603K12900ZF,Ốp đèn hậu trên trên nâu có tem Lead 2013 - 125cc,Honda,Dàn nhựa Lead 2013,230000,True,,,,,https://api-website.kimthanh.com.vn/media/catalog/product/placeholder.png,https://kimthanh.com.vn/lead13-rua-tren-nau-co-tem.html
83603K12V00ZD,Ốp đèn hậu trên trên nhớt có tem Lead 2017 - LED,Honda,Dàn nhựa Lead 2017,135000,True,,,,,https://api-website.kimthanh.com.vn/media/catalog/product/placeholder.png,https://kimthanh.com.vn/lead17-rua-tren-nhot-co-tem.html
2XCF171E01P0,Ốp đèn hậu trên trên ngọc Nouvo 6,Yamaha,không lấy được thông tin từ website,65000,True,,,,,https://api-website.kimthanh.com.vn/media/catalog/product/placeholder.png,https://kimthanh.com.vn/no6-rua-tren-ngoc.html
2XCF171E00P0,Ốp đèn hậu trên trên ngọc Nouvo 6,,không lấy được thông tin từ website,65000,True,,,,,https://api-website.kimthanh.com.vn/media/catalog/product/placeholder.png,https://kimthanh.com.vn/op-den-hau-tren-tren-ngoc-nouvo-6.html
83603K12V00ZG,Ốp đèn hậu trên trên mực Lead 2017 - LED,,không lấy được thông tin từ website,130000,True,,,,,https://api-website.kimthanh.com.vn/media/catalog/product/placeholder.png,https://kimthanh.com.vn/op-den-hau-tren-tren-muc-lead-2017-led.html
83502K12900ZF,Ốp đèn hậu trên trên mực không tem Lead 2013 - 125cc,Honda,Dàn nhựa Lead 2013,175000,True,,,,,https://api-website.kimthanh.com.vn/pub/media/catalog/product/8/3/83502k12900zf.webp,https://kimthanh.com.vn/lead13-rua-tren-muc-khong-tem.html
83603K12V20ZE,Ốp đèn hậu trên trên mực có tem Lead 2017 - LED,Honda,Dàn nhựa Lead 2017,120000,True,,,,,https://api-website.kimthanh.com.vn/pub/media/catalog/product/8/3/83603k12v20ze.webp,https://kimthanh.com.vn/lead17-rua-tren-muc-co-tem.html
83603K2TV10ZD,Ốp đèn hậu trên trên mực có tem - 2021 Lead 2017 - LED,Honda,Dàn nhựa Lead 2017,100000,True,,,,,https://api-website.kimthanh.com.vn/media/catalog/product/placeholder.png,https://kimthanh.com.vn/lead17-rua-tren-muc-co-tem-2021.html
83502K12900ZL,Ốp đèn hậu trên trên môn không tem Lead 2013 - 125cc,Honda,Dàn nhựa Lead 2013,205000,True,,,,,https://api-website.kimthanh.com.vn/pub/media/catalog/product/8/3/83502k12900zl.webp,https://kimthanh.com.vn/lead13-rua-tren-mon-khong-tem.html
83603K12900ZA,Ốp đèn hậu trên trên môn có tem Lead 2013 - 125cc,Honda,không lấy được thông tin từ website,180000,True,,,,,https://api-website.kimthanh.com.vn/pub/media/catalog/product/8/3/83603k12900za.webp,https://kimthanh.com.vn/lead13-rua-tren-mon-co-tem.html
83603K12V20ZD,Ốp đèn hậu trên trên kem đậm có tem - V20 Lead 2017 - LED,Honda,không lấy được thông tin từ website,125000,True,,,,,https://api-website.kimthanh.com.vn/media/catalog/product/placeholder.png,https://kimthanh.com.vn/lead17-rua-tren-kem-dam-co-tem.html
83603K12V00ZF,Ốp đèn hậu trên trên kem đậm có tem - V00 Lead 2017 - LED,,không lấy được thông tin từ website,130000,True,,,,,https://api-website.kimthanh.com.vn/media/catalog/product/placeholder.png,https://kimthanh.com.vn/op-den-hau-tren-tren-kem-dam-co-tem-v00-lead-2017-led.html
83603K12V20ZB,Ốp đèn hậu trên trên kem lợt - V20 Lead 2017 - LED,Honda,không lấy được thông tin từ website,125000,True,,,,,https://api-website.kimthanh.com.vn/media/catalog/product/placeholder.png,https://kimthanh.com.vn/lead17-rua-tren-kem-lot-co-tem.html
83603K12V00ZC,Ốp đèn hậu trên trên kem lợt - V00 Lead 2017 - LED,Honda,Dàn nhựa Lead 2017,125000,True,,,,,https://api-website.kimthanh.com.vn/pub/media/catalog/product/wp-content/uploads/2024/04/83603K12V00ZC.jpg,https://kimthanh.com.vn/lead17-rua-tren-kem-lot-v00.html
83502K12900ZC,Ốp đèn hậu trên trên kem không tem Lead 2013 - 125cc,Honda,không lấy được thông tin từ website,165000,True,,,,,https://api-website.kimthanh.com.vn/media/catalog/product/placeholder.png,https://kimthanh.com.vn/lead13-rua-tren-kem-khong-tem.html
83603K12900ZD,Ốp đèn hậu trên trên kem có tem Lead 2013 - 125cc,Honda,Dàn nhựa Lead 2013,180000,True,,,,,https://api-website.kimthanh.com.vn/pub/media/catalog/product/8/3/83603k12900zd.webp,https://kimthanh.com.vn/lead13-rua-tren-kem-co-tem.html
83603K2TV10ZC,Ốp đèn hậu trên trên kem có tem - 2021 Lead 2017 - LED,Honda,Dàn nhựa Lead 2017,110000,True,,,,,https://api-website.kimthanh.com.vn/media/catalog/product/placeholder.png,https://kimthanh.com.vn/lead17-rua-tren-kem-co-tem-2021.html
2XCF171E01P3,Ốp đèn hậu trên trên dương Nouvo 6,Yamaha,không lấy được thông tin từ website,65000,True,,,,,https://api-website.kimthanh.com.vn/pub/media/catalog/product/2/x/2xcf171e01p3.jpg,https://kimthanh.com.vn/no6-rua-duong.html
2XCF171E00P3,Ốp đèn hậu trên trên dương Nouvo 6,,không lấy được thông tin từ website,65000,True,,,,,https://api-website.kimthanh.com.vn/media/catalog/product/placeholder.png,https://kimthanh.com.vn/op-den-hau-tren-tren-duong-nouvo-6.html
1DBF171E00P3,Ốp đèn hậu trên trên dương Nouvo 5 SX,Yamaha,không lấy được thông tin từ website,40000,True,,,,,https://api-website.kimthanh.com.vn/pub/media/catalog/product/1/d/1dbf171e00p3.jpg,https://kimthanh.com.vn/no5-rua-tren-duong.html
83603K2TV10ZB,Ốp đèn hậu trên trên bạc mờ tem đỏ Lead 2017 - LED,Honda,Dàn nhựa Lead 2017,110000,True,,,,,https://api-website.kimthanh.com.vn/media/catalog/product/placeholder.png,https://kimthanh.com.vn/lead17-rua-tren-bac-mo-co-tem.html
83603K12V00ZE,Ốp đèn hậu trên trên bạc mờ tem đen Lead 2017 - LED,Honda,Dàn nhựa Lead 2017,135000,True,,,,,https://api-website.kimthanh.com.vn/media/catalog/product/placeholder.png,https://kimthanh.com.vn/lead17-rua-tren-bac-mo.html
83502K12900ZR,Ốp đèn hậu trên trên bạc mờ không tem Lead 2013 - 125cc,Honda,Dàn nhựa Lead 2013,175000,True,,,,,https://api-website.kimthanh.com.vn/pub/media/catalog/product/8/3/83502k12900zr.webp,https://kimthanh.com.vn/lead13-rua-tren-bac-mo-khong-tem.html
5P1F171E00P3,Ốp đèn hậu trên nâu Nouvo 4 LX,Yamaha,không lấy được thông tin từ website,55000,True,,,,,https://api-website.kimthanh.com.vn/pub/media/catalog/product/5/p/5p1f171e00p3.jpg,https://kimthanh.com.vn/no4-rua-nau.html
44SF171E00P2,Ốp đèn hậu trên nâu Luvias xăng cơ,Yamaha,không lấy được thông tin từ website,65000,True,,,,,https://api-website.kimthanh.com.vn/pub/media/catalog/product/4/4/44sf171e00p2.jpg,https://kimthanh.com.vn/lu-rua-nau.html
5SDF171E00P1,Ốp đèn hậu trên nhớt Jupiter V,,không lấy được thông tin từ website,85000,True,,,,,https://api-website.kimthanh.com.vn/media/catalog/product/placeholder.png,https://kimthanh.com.vn/op-den-hau-tren-nhot-jupiter-v.html
2S0F171E00P3,Ốp đèn hậu trên nhớt Jupiter MX,Yamaha,không lấy được thông tin từ website,55000,True,,,,,https://api-website.kimthanh.com.vn/pub/media/catalog/product/2/s/2s0f171e00p3.jpg,https://kimthanh.com.vn/jumx-rua-nhot.html
83603GGE900ZK,Ốp đèn hậu trên nhỏ đồng có tem Lead 2008,Honda,Dàn nhựa Lead,195000,True,,,,,https://api-website.kimthanh.com.vn/media/catalog/product/placeholder.png,https://kimthanh.com.vn/lead-rua-nho-dong-co-tem.html
83603GGE900ZM,Ốp đèn hậu trên nhỏ đô có tem Lead 2008,Honda,Dàn nhựa Lead 2007,195000,True,,,,,https://api-website.kimthanh.com.vn/pub/media/catalog/product/8/3/83603gge900zm.webp,https://kimthanh.com.vn/lead-rua-nho-do-co-tem.html
83603GGE900ZA,Ốp đèn hậu trên nhỏ đen có tem Lead 2008,Honda,không lấy được thông tin từ website,195000,True,,,,,https://api-website.kimthanh.com.vn/pub/media/catalog/product/8/3/83603gge900za.webp,https://kimthanh.com.vn/lead-rua-nho-den-co-tem.html
83603GGE900ZC,Ốp đèn hậu trên nhỏ tươi có tem Lead 2008,Honda,Dàn nhựa Lead 2007,195000,True,,,,,https://api-website.kimthanh.com.vn/pub/media/catalog/product/8/3/83603gge900zc.webp,https://kimthanh.com.vn/lead-rua-nho-tuoi-co-tem.html
83603GGE900ZH,Ốp đèn hậu trên nhỏ tươi có tem Lead 2008,,không lấy được thông tin từ website,195000,True,,,,,https://api-website.kimthanh.com.vn/media/catalog/product/placeholder.png,https://kimthanh.com.vn/op-den-hau-tren-nho-tuoi-co-tem-lead-2008.html
83603GGE900ZB,Ốp đèn hậu trên nhỏ trắng có tem Lead 2008,Honda,Dàn nhựa Lead 2007,195000,True,,,,,https://api-website.kimthanh.com.vn/pub/media/catalog/product/8/3/83603gge900zb.webp,https://kimthanh.com.vn/lead-rua-nho-trang-co-tem.html
83603GGE900ZJ,Ốp đèn hậu trên nhỏ nâu có tem Lead 2008,Honda,Dàn nhựa Lead 2007,195000,True,,,,,https://api-website.kimthanh.com.vn/pub/media/catalog/product/8/3/83603gge900zj.webp,https://kimthanh.com.vn/lead-rua-nho-nau-co-tem.html
83603GGE900ZN,Ốp đèn hậu trên nhỏ ngọc không tem Lead 2008,Honda,Dàn nhựa Lead 2013,190000,True,,,,,https://api-website.kimthanh.com.vn/media/catalog/product/placeholder.png,https://kimthanh.com.vn/lead-rua-nho-ngoc-khong-tem.html
83603GGE910ZB,Ốp đèn hậu trên nhỏ kem có tem Lead 2008,Honda,Dàn nhựa Lead 2007,190000,True,,,,,https://api-website.kimthanh.com.vn/pub/media/catalog/product/8/3/83603gge910zb.webp,https://kimthanh.com.vn/lead-rua-nho-kem-co-tem.html
83603GGE910ZA,Ốp đèn hậu trên nhỏ hồng có tem Lead 2008,,không lấy được thông tin từ website,190000,True,,,,,https://api-website.kimthanh.com.vn/media/catalog/product/placeholder.png,https://kimthanh.com.vn/op-den-hau-tren-nho-hong-co-tem-lead-2008.html
83603GGE900ZD,Ốp đèn hậu trên nhỏ bạc có tem Lead 2008,Honda,không lấy được thông tin từ website,195000,True,,,,,https://api-website.kimthanh.com.vn/pub/media/catalog/product/8/3/83603gge900zd.webp,https://kimthanh.com.vn/lead-rua-nho-bac-co-tem.html
5P1F171E00P1,Ốp đèn hậu trên mực Nouvo 4 LX,Yamaha,không lấy được thông tin từ website,55000,True,,,,,https://api-website.kimthanh.com.vn/pub/media/catalog/product/5/p/5p1f171e00p1.jpg,https://kimthanh.com.vn/no4-rua-muc.html
5P1F171E00P6,Ốp đèn hậu trên môn Nouvo 4 LX,Yamaha,không lấy được thông tin từ website,55000,True,,,,,https://api-website.kimthanh.com.vn/pub/media/catalog/product/5/p/5p1f171e00p6.jpg,https://kimthanh.com.vn/no4-rua-mon.html
5SDF171E00P3,Ốp đèn hậu trên môn Jupiter V,Yamaha,không lấy được thông tin từ website,85000,True,,,,,https://api-website.kimthanh.com.vn/media/catalog/product/placeholder.png,https://kimthanh.com.vn/juv-rua-mon.html
2S0F171E00P8,Ốp đèn hậu trên môn Jupiter MX,Yamaha,Dàn nhựa Yamaha,55000,True,,,,,https://api-website.kimthanh.com.vn/pub/media/catalog/product/2/s/2s0f171e00p8.jpg,https://kimthanh.com.vn/jumx-rua-mon.html
83502GGE900ZK,Ốp đèn hậu trên lớn đồng Lead 2008,Honda,Dàn nhựa Lead 2007,155000,True,,,,,https://api-website.kimthanh.com.vn/media/catalog/product/placeholder.png,https://kimthanh.com.vn/lead-rua-lon-dong.html
83502GGE900ZN,Ốp đèn hậu trên lớn đô Lead 2008,Honda,Dàn nhựa Lead 2007,155000,True,,,,,https://api-website.kimthanh.com.vn/pub/media/catalog/product/8/3/83502gge900zn.webp,https://kimthanh.com.vn/lead-rua-lon-do.html
83502GGE900ZA,Ốp đèn hậu trên lớn đen Lead 2008,Honda,Dàn nhựa Lead 2007,155000,True,,,,,https://api-website.kimthanh.com.vn/pub/media/catalog/product/8/3/83502gge900za.webp,https://kimthanh.com.vn/lead-rua-lon-den.html
83502GGE900ZC,Ốp đèn hậu trên lớn tươi Lead 2008,Honda,không lấy được thông tin từ website,155000,True,,,,,https://api-website.kimthanh.com.vn/media/catalog/product/placeholder.png,https://kimthanh.com.vn/lead-rua-lon-tuoi.html
83502GGE900ZH,Ốp đèn hậu trên lớn tươi Lead 2008,,không lấy được thông tin từ website,155000,True,,,,,https://api-website.kimthanh.com.vn/media/catalog/product/placeholder.png,https://kimthanh.com.vn/op-den-hau-tren-lon-tuoi-lead-2008.html
83502GGE900ZB,Ốp đèn hậu trên lớn trắng Lead 2008,Honda,Dàn nhựa Lead 2007,155000,True,,,,,https://api-website.kimthanh.com.vn/pub/media/catalog/product/8/3/83502gge900zb.webp,https://kimthanh.com.vn/lead-rua-lon-trang.html
83502GGE900ZJ,Ốp đèn hậu trên lớn nâu Lead 2008,Honda,Dàn nhựa Lead 2007,155000,True,,,,,https://api-website.kimthanh.com.vn/pub/media/catalog/product/8/3/83502gge900zj.webp,https://kimthanh.com.vn/lead-rua-lon-nau.html
83502GGE900ZF,Ốp đèn hậu trên lớn kem Lead 2008,Honda,Dàn nhựa Lead,155000,True,,,,,https://api-website.kimthanh.com.vn/pub/media/catalog/product/8/3/83502gge900zf.webp,https://kimthanh.com.vn/lead-rua-lon-kem.html
83502GGE910ZA,Ốp đèn hậu trên lớn hồng Lead 2008,,không lấy được thông tin từ website,110000,True,,,,,https://api-website.kimthanh.com.vn/media/catalog/product/placeholder.png,https://kimthanh.com.vn/op-den-hau-tren-lon-hong-lead-2008.html
83502GGE900ZD,Ốp đèn hậu trên lớn bạc Lead 2008,Honda,Dàn nhựa Lead 2007,155000,True,,,,,https://api-website.kimthanh.com.vn/pub/media/catalog/product/8/3/83502gge900zd.webp,https://kimthanh.com.vn/lead-rua-lon-bac.html
1DBF171X00P0,Ốp đèn hậu trên dưới đen Nouvo 5 SX,Yamaha,không lấy được thông tin từ website,40000,True,,,,,https://api-website.kimthanh.com.vn/pub/media/catalog/product/1/D/1DBF171X00P0.webp,https://kimthanh.com.vn/no5-rua-duoi-den.html
2XCF171X00P0,Ốp đèn hậu trên dưới đen bóng Nouvo 6,Yamaha,không lấy được thông tin từ website,35000,True,,,,,https://api-website.kimthanh.com.vn/media/catalog/product/placeholder.png,https://kimthanh.com.vn/no6-rua-duoi-den-bong.html
1DBF171X00P3,Ốp đèn hậu trên dưới xám chuột Nouvo 5 SX,Yamaha,không lấy được thông tin từ website,40000,True,,,,,https://api-website.kimthanh.com.vn/pub/media/catalog/product/1/d/1dbf171x00p3.jpg,https://kimthanh.com.vn/no5-rua-duoi-xam-chuot.html
1DBF171X00P1,Ốp đèn hậu trên dưới vàng Nouvo 5 SX,Yamaha,không lấy được thông tin từ website,40000,True,,,,,https://api-website.kimthanh.com.vn/pub/media/catalog/product/1/d/1dbf171x00p1.jpg,https://kimthanh.com.vn/no5-rua-duoi-vang.html
1DBF171X00P4,Ốp đèn hậu trên dưới tím Nouvo 5 SX,Yamaha,không lấy được thông tin từ website,40000,True,,,,,https://api-website.kimthanh.com.vn/media/catalog/product/placeholder.png,https://kimthanh.com.vn/no5-rua-duoi-tim.html
2XCF171X00P1,Ốp đèn hậu trên dưới trắng Nouvo 6,Yamaha,không lấy được thông tin từ website,35000,True,,,,,https://api-website.kimthanh.com.vn/media/catalog/product/placeholder.png,https://kimthanh.com.vn/no6-rua-duoi-trang.html
1DBF171X00P2,Ốp đèn hậu trên dưới trắng Nouvo 5 SX,Yamaha,không lấy được thông tin từ website,40000,True,,,,,https://api-website.kimthanh.com.vn/media/catalog/product/placeholder.png,https://kimthanh.com.vn/no5-rua-duoi-trang.html
2XCF171X00P2,Ốp đèn hậu trên dưới dương Nouvo 6,Yamaha,không lấy được thông tin từ website,35000,True,,,,,https://api-website.kimthanh.com.vn/media/catalog/product/placeholder.png,https://kimthanh.com.vn/no6-rua-duoi-duong.html
1DBF171X00P7,Ốp đèn hậu trên dưới dương Nouvo 5 SX,Yamaha,không lấy được thông tin từ website,40000,True,,,,,https://api-website.kimthanh.com.vn/media/catalog/product/placeholder.png,https://kimthanh.com.vn/no5-rua-duoi-duong.html
5WPF174100P7,Ốp đèn hậu trên dương Mio 2004 đời đầu,Yamaha,không lấy được thông tin từ website,60000,True,,,,,https://api-website.kimthanh.com.vn/pub/media/catalog/product/5/w/5wpf174100p7.jpg,https://kimthanh.com.vn/mio-rua-duong.html
44SF171E00P4,Ốp đèn hậu trên dương Luvias xăng cơ,Yamaha,không lấy được thông tin từ website,65000,True,,,,,https://api-website.kimthanh.com.vn/pub/media/catalog/product/4/4/44sf171e00p4.jpg,https://kimthanh.com.vn/lu-rua-duong.html
5P1F171E00PA,Ốp đèn hậu trên bạc Nouvo 4 LX,Yamaha,không lấy được thông tin từ website,55000,True,,,,,https://api-website.kimthanh.com.vn/media/catalog/product/placeholder.png,https://kimthanh.com.vn/no4-rua-bac.html
2B5F171E00P1,Ốp đèn hậu trên bạc Nouvo 2,Yamaha,Dàn nhựa Yamaha,70000,True,,,,,https://api-website.kimthanh.com.vn/pub/media/catalog/product/2/b/2b5f171e00p1.jpg,https://kimthanh.com.vn/no2-rua-bac.html
5WPF174100P3,Ốp đèn hậu trên bạc Mio 2004 đời đầu,Yamaha,không lấy được thông tin từ website,60000,True,,,,,https://api-website.kimthanh.com.vn/pub/media/catalog/product/5/w/5wpf174100p3.jpg,https://kimthanh.com.vn/mio-rua-bac.html
5SDF171E00P8,Ốp đèn hậu trên bạc Jupiter V,Yamaha,không lấy được thông tin từ website,85000,True,,,,,https://api-website.kimthanh.com.vn/media/catalog/product/placeholder.png,https://kimthanh.com.vn/juv-rua-bac.html
5SDF171E00P6,Ốp đèn hậu trên bạc Jupiter V,,không lấy được thông tin từ website,80000,True,,,,,https://api-website.kimthanh.com.vn/media/catalog/product/placeholder.png,https://kimthanh.com.vn/op-den-hau-tren-bac-jupiter-v.html
2S0F171E00P0,Ốp đèn hậu trên bạc Jupiter MX,Yamaha,không lấy được thông tin từ website,55000,True,,,,,https://api-website.kimthanh.com.vn/media/catalog/product/placeholder.png,https://kimthanh.com.vn/jumx-rua-bac.html
83503K12900ZA,Ốp đèn hậu dưới đồng đậm không tem Lead 2013 - 125cc,Honda,Dàn nhựa Lead 2013,120000,True,,,,,https://api-website.kimthanh.com.vn/pub/media/catalog/product/8/3/83503k12900za.webp,https://kimthanh.com.vn/lead13-rua-duoi-dong-dam-khong-tem.html
83503K12900ZM,Ốp đèn hậu dưới đồng lợt không tem Lead 2013 - 125cc,Honda,Dàn nhựa Lead 2013,165000,True,,,,,https://api-website.kimthanh.com.vn/pub/media/catalog/product/8/3/83503k12900zm.webp,https://kimthanh.com.vn/lead13-rua-duoi-dong-lot-khong-tem.html
83503K12V00ZM,Ốp đèn hậu dưới đô Lead 2017 - LED,Honda,không lấy được thông tin từ website,70000,True,,,,,https://api-website.kimthanh.com.vn/pub/media/catalog/product/8/3/83503k12v00zm.webp,https://kimthanh.com.vn/lead17-rua-duoi-do.html
83503K12900ZD,Ốp đèn hậu dưới đô không tem Lead 2013 - 125cc,Honda,Dàn nhựa Lead 2013,170000,True,,,,,https://api-website.kimthanh.com.vn/pub/media/catalog/product/8/3/83503k12900zd.webp,https://kimthanh.com.vn/lead13-rua-duoi-do-khong-tem.html
83503K12V00ZL,Ốp đèn hậu dưới đen mờ Lead 2017 - LED,Honda,Dàn nhựa Lead 2017,70000,True,,,,,https://api-website.kimthanh.com.vn/pub/media/catalog/product/8/3/83503k12v00zl.webp,https://kimthanh.com.vn/lead17-rua-duoi-den-mo.html
83503K12900ZH,Ốp đèn hậu dưới đen không tem Lead 2013 - 125cc,Honda,Dàn nhựa Lead 2013,170000,True,,,,,https://api-website.kimthanh.com.vn/pub/media/catalog/product/8/3/83503k12900zh.webp,https://kimthanh.com.vn/lead13-rua-duoi-den-khong-tem.html
83503K12V00ZG,Ốp đèn hậu dưới đen bóng Lead 2017 - LED,Honda,không lấy được thông tin từ website,75000,True,,,,,https://api-website.kimthanh.com.vn/media/catalog/product/placeholder.png,https://kimthanh.com.vn/lead17-rua-duoi-den-bong.html
83503K12900ZN,Ốp đèn hậu dưới xanh đậm không tem Lead 2013 - 125cc,Honda,Dàn nhựa Lead 2013,165000,True,,,,,https://api-website.kimthanh.com.vn/pub/media/catalog/product/8/3/83503k12900zn.webp,https://kimthanh.com.vn/lead13-rua-duoi-xanh-dam-khong-tem.html
83503K12V00ZC,Ốp đèn hậu dưới tươi Lead 2017 - LED,Honda,Dàn nhựa Lead 2017,85000,True,,,,,https://api-website.kimthanh.com.vn/pub/media/catalog/product/8/3/83503k12v00zc.webp,https://kimthanh.com.vn/lead17-rua-duoi-tuoi.html
83503K12V00ZJ,Ốp đèn hậu dưới trắng xanh Lead 2017 - LED,Honda,Dàn nhựa Lead 2017,75000,True,,,,,https://api-website.kimthanh.com.vn/pub/media/catalog/product/8/3/83503k12v00zj.webp,https://kimthanh.com.vn/lead17-rua-duoi-trang.html
83503K12V00ZR,Ốp đèn hậu dưới trắng sữa Lead 2017 - LED,Honda,Dàn nhựa Lead 2017,75000,True,,,,,https://api-website.kimthanh.com.vn/media/catalog/product/placeholder.png,https://kimthanh.com.vn/lead17-rua-duoi-trang-sua-2021.html
83503K12900ZG,Ốp đèn hậu dưới trắng không tem Lead 2013 - 125cc,Honda,Dàn nhựa Lead 2013,170000,True,,,,,https://api-website.kimthanh.com.vn/media/catalog/product/placeholder.png,https://kimthanh.com.vn/lead13-rua-duoi-trang-khong-tem.html
83503K12900ZB,Ốp đèn hậu dưới nâu không tem Lead 2013 - 125cc,Honda,không lấy được thông tin từ website,305000,True,,,,,https://api-website.kimthanh.com.vn/pub/media/catalog/product/8/3/83503k12900zb.webp,https://kimthanh.com.vn/lead13-rua-duoi-nau-khong-tem.html
83503K12V00ZK,Ốp đèn hậu dưới nhớt Lead 2017 - LED,Honda,Dàn nhựa Lead 2017,85000,True,,,,,https://api-website.kimthanh.com.vn/pub/media/catalog/product/8/3/83503k12v00zk.webp,https://kimthanh.com.vn/lead17-rua-duoi-nhot.html
83503K12V00ZD,Ốp đèn hậu dưới mực Lead 2017 - LED,Honda,Dàn nhựa Lead 2017,75000,True,,,,,https://api-website.kimthanh.com.vn/media/catalog/product/placeholder.png,https://kimthanh.com.vn/lead17-rua-duoi-muc.html
83503K12V00ZP,Ốp đèn hậu dưới mực Lead 2017 - LED,Honda,Dàn nhựa Lead 2017,75000,True,,,,,https://api-website.kimthanh.com.vn/pub/media/catalog/product/8/3/83503k12v00zp.webp,https://kimthanh.com.vn/lead17-rua-duoi-muc-2021.html
83503K12900ZF,Ốp đèn hậu dưới mực không tem Lead 2013 - 125cc,Honda,không lấy được thông tin từ website,120000,True,,,,,https://api-website.kimthanh.com.vn/pub/media/catalog/product/8/3/83503k12900zf.webp,https://kimthanh.com.vn/lead13-rua-duoi-muc-khong-tem.html
83503K12900ZL,Ốp đèn hậu dưới môn không tem Lead 2013 - 125cc,Honda,Dàn nhựa Lead 2013,150000,True,,,,,https://api-website.kimthanh.com.vn/pub/media/catalog/product/8/3/83503k12900zl.webp,https://kimthanh.com.vn/lead13-rua-duoi-mon-khong-tem.html
83503K12V00ZB,Ốp đèn hậu dưới kem đậm Lead 2017 - LED,Honda,Dàn nhựa Lead 2017,75000,True,,,,,https://api-website.kimthanh.com.vn/media/catalog/product/placeholder.png,https://kimthanh.com.vn/lead17-rua-duoi-kem-dam.html
83503K12V00ZA,Ốp đèn hậu dưới kem lợt Lead 2017 - LED,Honda,không lấy được thông tin từ website,75000,True,,,,,https://api-website.kimthanh.com.vn/pub/media/catalog/product/8/3/83503k12v00za.webp,https://kimthanh.com.vn/lead17-rua-duoi-kem-lot.html
83503K12V00ZQ,Ốp đèn hậu dưới kem Lead 2017 - LED,Honda,Dàn nhựa Lead 2017,75000,True,,,,,https://api-website.kimthanh.com.vn/pub/media/catalog/product/8/3/83503k12v00zq.webp,https://kimthanh.com.vn/lead17-rua-duoi-kem-2021.html
83503K12900ZC,Ốp đèn hậu dưới kem không tem Lead 2013 - 125cc,Honda,Dàn nhựa Lead 2013,170000,True,,,,,https://api-website.kimthanh.com.vn/media/catalog/product/placeholder.png,https://kimthanh.com.vn/lead13-rua-duoi-kem-khong-tem.html
83503K12V00ZH,Ốp đèn hậu dưới bạc mờ Lead 2017 - LED,Honda,Dàn nhựa Lead 2017,75000,True,,,,,https://api-website.kimthanh.com.vn/pub/media/catalog/product/8/3/83503k12v00zh.webp,https://kimthanh.com.vn/lead17-rua-duoi-bac-mo.html
83503K12900ZP,Ốp đèn hậu dưới bạc mờ không tem Lead 2013 - 125cc,Honda,Dàn nhựa Lead 2013,150000,True,,,,,https://api-website.kimthanh.com.vn/pub/media/catalog/product/8/3/83503k12900zp.webp,https://kimthanh.com.vn/lead13-rua-duoi-bac-mo-khong-tem.html
64360K2PV60ZE,Ốp đèn bạc mờ trái Winner 2021 V3,Honda,Dàn nhựa Honda,190000,True,,,,,https://api-website.kimthanh.com.vn/pub/media/catalog/product/6/4/64360k2pv60ze.webp,https://kimthanh.com.vn/win21-op-den-bac-mo-l.html
64365K56V80ZB,Ốp đèn bạc mờ trái tem đen Winner 2019 V2,Honda,không lấy được thông tin từ website,250000,True,,,,,https://api-website.kimthanh.com.vn/media/catalog/product/placeholder.png,https://kimthanh.com.vn/win19-op-den-bac-mo-l-tem-den.html
64360K56V50ZD,Ốp đèn bạc mờ trái không tem Winner 2019 V2,Honda,không lấy được thông tin từ website,220000,True,,,,,https://api-website.kimthanh.com.vn/pub/media/catalog/product/6/4/64360k56v50zd.webp,https://kimthanh.com.vn/win19-op-den-bac-mo-l-khong-tem.html
64502K35V00ZE,Ốp đèn bạc mờ trái không tem PCX 2015 - LED,Honda,không lấy được thông tin từ website,410000,True,,,,,https://api-website.kimthanh.com.vn/pub/media/catalog/product/6/4/64502k35v00ze.webp,https://kimthanh.com.vn/pcx15-op-den-bac-mo-l-khong-tem.html
64350K2PV60ZE,Ốp đèn bạc mờ phải Winner 2021 V3,Honda,không lấy được thông tin từ website,190000,True,,,,,https://api-website.kimthanh.com.vn/pub/media/catalog/product/6/4/64350k2pv60ze.webp,https://kimthanh.com.vn/win21-op-den-bac-mo-r.html
64355K56V80ZB,Ốp đèn bạc mờ phải tem đen Winner 2019 V2,Honda,không lấy được thông tin từ website,250000,True,,,,,https://api-website.kimthanh.com.vn/pub/media/catalog/product/6/4/64355k56v80zb.webp,https://kimthanh.com.vn/win19-op-den-bac-mo-r-tem-den.html
64350K56V50ZD,Ốp đèn bạc mờ phải không tem Winner 2019 V2,Honda,không lấy được thông tin từ website,220000,True,,,,,https://api-website.kimthanh.com.vn/media/catalog/product/placeholder.png,https://kimthanh.com.vn/win19-op-den-bac-mo-r-khong-tem.html
64501K35V00ZE,Ốp đèn bạc mờ phải không tem PCX 2015 - LED,Honda,Dàn nhựa PCX 2015,410000,True,,,,,https://api-website.kimthanh.com.vn/pub/media/catalog/product/6/4/64501k35v00ze.webp,https://kimthanh.com.vn/pcx15-op-den-bac-mo-r-khong-tem.html
64365K2PV00ZA,Ốp đèn bạc bóng trái tem bạc Winner 2019 V2,Honda,không lấy được thông tin từ website,235000,True,,,,,https://api-website.kimthanh.com.vn/media/catalog/product/placeholder.png,https://kimthanh.com.vn/win19-op-den-bac-bong-l-tem-bac.html
64355K2PV00ZA,Ốp đèn bạc bóng phải tem bạc Winner 2019 V2,Honda,Dàn nhựa Honda,235000,True,,,,,https://api-website.kimthanh.com.vn/pub/media/catalog/product/6/4/64355k2pv00za.webp,https://kimthanh.com.vn/win19-op-den-bac-bong-r-tem-bac.html
80105K0RV00ZA,Ốp đèn biển số xe SH2020,Honda,Dàn nhựa SH VN 2020,35000,True,,,,,https://api-website.kimthanh.com.vn/pub/media/catalog/product/8/0/80105k0rv00za.webp,https://kimthanh.com.vn/sh20-chup-den-bang-so.html
80200K1GV00ZA,Ốp đèn biển số xe Air Blade 2020,Honda,Dàn nhựa Honda,40000,True,,,,,https://api-website.kimthanh.com.vn/pub/media/catalog/product/8/0/80200K1GV00ZA_1_2.jpg,https://kimthanh.com.vn/ab20-chup-den-bang-so.html
61302-K56-N00ZE,Ốp Đầu Đen Sonic Bóng R,Honda,Dàn nhựa Honda,280000,True,,,,,https://api-website.kimthanh.com.vn/pub/media/catalog/product/6/1/61302-k56-n00ze.webp,https://kimthanh.com.vn/so-op-dau-den-bong-r.html
1DBF83D300P5,Ốp xi nhan đồng trái Nouvo 5 SX,Yamaha,Xi Nhan Yamaha,35000,True,,,,,https://api-website.kimthanh.com.vn/pub/media/catalog/product/1/d/1dbf83d300p5.jpg,https://kimthanh.com.vn/no5-op-xi-nhan-dong-l.html
1DBF83D400P5,Ốp xi nhan đồng phải Nouvo 5 SX,Yamaha,Xi Nhan Yamaha,35000,True,,,,,https://api-website.kimthanh.com.vn/media/catalog/product/placeholder.png,https://kimthanh.com.vn/no5-op-xi-nhan-dong-r.html
2XCF83D300P3,Ốp xi nhan đô đậm trái Nouvo 6,Yamaha,Dàn nhựa Yamaha,55000,True,,,,,https://api-website.kimthanh.com.vn/media/catalog/product/placeholder.png,https://kimthanh.com.vn/no6-op-xi-nhan-do-dam-l-918.html
2XCF83D400P3,Ốp xi nhan đô đậm phải Nouvo 6,Yamaha,Dàn nhựa Yamaha,60000,True,,,,,https://api-website.kimthanh.com.vn/media/catalog/product/placeholder.png,https://kimthanh.com.vn/no6-op-xi-nhan-r-918-mau.html
1DBF83D300P1,Ốp xi nhan đô trái Nouvo 5 SX,Yamaha,Xi Nhan Yamaha,35000,True,,,,,https://api-website.kimthanh.com.vn/media/catalog/product/placeholder.png,https://kimthanh.com.vn/no5-op-xi-nhan-tuoi-l.html
1DBF83D400P1,Ốp xi nhan đô phải Nouvo 5 SX,Yamaha,Xi Nhan Yamaha,35000,True,,,,,https://api-website.kimthanh.com.vn/pub/media/catalog/product/1/d/1dbf83d400p1.jpg,https://kimthanh.com.vn/no5-op-xi-nhan-tuoi-r.html
2XCF83D300P2,Ốp xi nhan đô lợt trái Nouvo 6,Yamaha,Dàn nhựa Yamaha,55000,True,,,,,https://api-website.kimthanh.com.vn/media/catalog/product/placeholder.png,https://kimthanh.com.vn/no6-op-xi-nhan-do-lot-l-1218.html
2XCF83D400P2,Ốp xi nhan đô lợt phải Nouvo 6,Yamaha,Dàn nhựa Yamaha,60000,True,,,,,https://api-website.kimthanh.com.vn/media/catalog/product/placeholder.png,https://kimthanh.com.vn/no6-op-xi-nhan-do-lot-r-1218.html
B8AF834500P9,Ốp xi nhan đô bóng trái Nozza Grande 2019,Yamaha,Xi Nhan Yamaha,155000,True,,,,,https://api-website.kimthanh.com.vn/pub/media/catalog/product/b/8/b8af834500p9.webp,https://kimthanh.com.vn/gran19-op-xi-nhan-do-bong-l.html
B8AF834600P9,Ốp xi nhan đô bóng phải Nozza Grande 2019,Yamaha,Xi Nhan Yamaha,160000,True,,,,,https://api-website.kimthanh.com.vn/pub/media/catalog/product/b/8/b8af834600p9.webp,https://kimthanh.com.vn/gran19-op-xi-nhan-do-bong-r.html
2BMF83450100,Ốp xi nhan đen trái Nozza Grande 2015,Yamaha,Xi Nhan Yamaha,80000,True,,,,,https://api-website.kimthanh.com.vn/pub/media/catalog/product/2/b/2bmf83450100.jpg,https://kimthanh.com.vn/gran-op-xi-nhan-den-l-2.html
2BMF83450000,Ốp xi nhan đen trái Nozza Grande 2015,Yamaha,Xi Nhan Yamaha,75000,True,,,,,https://api-website.kimthanh.com.vn/pub/media/catalog/product/2/b/2bmf83450000.jpg,https://kimthanh.com.vn/gran-op-xi-nhan-den-l.html
2XCF83D300P0,Ốp xi nhan đen trái Nouvo 6,Yamaha,Xi Nhan Yamaha,55000,True,,,,,https://api-website.kimthanh.com.vn/pub/media/catalog/product/2/x/2xcf83d300p0.jpg,https://kimthanh.com.vn/no6-op-xi-nhan-den-l.html
2BMF83460000,Ốp xi nhan đen phải Nozza Grande 2015,Yamaha,Xi Nhan Yamaha,75000,True,,,,,https://api-website.kimthanh.com.vn/pub/media/catalog/product/2/b/2bmf83460000.jpg,https://kimthanh.com.vn/gran-op-xi-nhan-den-r.html
2BMF83460100,Ốp xi nhan đen phải Nozza Grande 2015,Yamaha,Xi Nhan Yamaha,80000,True,,,,,https://api-website.kimthanh.com.vn/pub/media/catalog/product/2/b/2bmf83460100.jpg,https://kimthanh.com.vn/gran-op-xi-nhan-den-r-kd.html
2XCF83D400P0,Ốp xi nhan đen phải Nouvo 6,Yamaha,Xi Nhan Yamaha,60000,True,,,,,https://api-website.kimthanh.com.vn/media/catalog/product/placeholder.png,https://kimthanh.com.vn/no6-op-xi-nhan-den-r.html
B8AF834500PD,Ốp xi nhan đen mờ trái Nozza Grande 2019,Yamaha,Xi Nhan Yamaha,155000,True,,,,,https://api-website.kimthanh.com.vn/media/catalog/product/placeholder.png,https://kimthanh.com.vn/gran19-op-xi-nhan-den-mo-l.html
1DBF83D300P0,Ốp xi nhan đen mờ trái Nouvo 5 SX,Yamaha,Xi Nhan Yamaha,35000,True,,,,,https://api-website.kimthanh.com.vn/pub/media/catalog/product/1/d/1dbf83d300p0.jpg,https://kimthanh.com.vn/no5-op-xi-nhan-den-mo-l.html
B8AF834600PD,Ốp xi nhan đen mờ phải Nozza Grande 2019,Yamaha,Xi Nhan Yamaha,155000,True,,,,,https://api-website.kimthanh.com.vn/pub/media/catalog/product/b/8/b8af834600pd.webp,https://kimthanh.com.vn/gran19-op-xi-nhan-den-mo-r.html
1DBF83D400P0,Ốp xi nhan đen mờ phải Nouvo 5 SX,Yamaha,Xi Nhan Yamaha,35000,True,,,,,https://api-website.kimthanh.com.vn/pub/media/catalog/product/1/d/1dbf83d400p0.jpg,https://kimthanh.com.vn/no5-op-xi-nhan-den-mo-r.html
B8AF834500P4,Ốp xi nhan đen bóng trái Nozza Grande 2019,Yamaha,Xi Nhan Yamaha,160000,True,,,,,https://api-website.kimthanh.com.vn/pub/media/catalog/product/b/8/b8af834500p4.webp,https://kimthanh.com.vn/gran19-op-xi-nhan-den-bong-l.html
1DBF83D300P4,Ốp xi nhan đen bóng trái Nouvo 5 SX,Yamaha,Xi Nhan Yamaha,35000,True,,,,,https://api-website.kimthanh.com.vn/pub/media/catalog/product/1/d/1dbf83d300p4.jpg,https://kimthanh.com.vn/no5-op-xi-nhan-den-bong-l.html
B8AF834600P4,Ốp xi nhan đen bóng phải Nozza Grande 2019,Yamaha,Xi Nhan Yamaha,155000,True,,,,,https://api-website.kimthanh.com.vn/media/catalog/product/placeholder.png,https://kimthanh.com.vn/gran19-op-xi-nhan-den-bong-r.html
1DBF83D400P4,Ốp xi nhan đen bóng phải Nouvo 5 SX,Yamaha,Xi Nhan Yamaha,35000,True,,,,,https://api-website.kimthanh.com.vn/pub/media/catalog/product/1/d/1dbf83d400p4.jpg,https://kimthanh.com.vn/no5-op-xi-nhan-den-bong-r.html
B8AF834500PB,Ốp xi nhan xám đậm trái Nozza Grande 2019,Yamaha,Xi Nhan Yamaha,155000,True,,,,,https://api-website.kimthanh.com.vn/pub/media/catalog/product/b/8/b8af834500pb.webp,https://kimthanh.com.vn/gran19-op-xi-nhan-xam-dam-l.html
2XCF83D300P4,Ốp xi nhan xám đậm trái Nouvo 6,Yamaha,Dàn nhựa Yamaha,55000,True,,,,,https://api-website.kimthanh.com.vn/media/catalog/product/placeholder.png,https://kimthanh.com.vn/no6-op-xi-nhan-l-1086-mau.html
B8AF834600PB,Ốp xi nhan xám đậm phải Nozza Grande 2019,Yamaha,Xi Nhan Yamaha,155000,True,,,,,https://api-website.kimthanh.com.vn/media/catalog/product/placeholder.png,https://kimthanh.com.vn/gran19-op-xi-nhan-xam-dam-r.html
2XCF83D400P4,Ốp xi nhan xám đậm phải Nouvo 6,Yamaha,Dàn nhựa Yamaha,60000,True,,,,,https://api-website.kimthanh.com.vn/media/catalog/product/placeholder.png,https://kimthanh.com.vn/no6-op-xi-nhan-r-1086-mau.html
B8AF834500P1,Ốp xi nhan xám lợt trái Nozza Grande 2019,Yamaha,Xi Nhan Yamaha,155000,True,,,,,https://api-website.kimthanh.com.vn/pub/media/catalog/product/b/8/b8af834500p1.webp,https://kimthanh.com.vn/gran19-op-xi-nhan-xam-lot-l.html
1DBF83D300P6,Ốp xi nhan xám lợt trái Nouvo 5 SX,Yamaha,Dàn nhựa Yamaha,35000,True,,,,,https://api-website.kimthanh.com.vn/pub/media/catalog/product/1/d/1dbf83d300p6.webp,https://kimthanh.com.vn/no5-op-xi-nhan-xam-lot-l-1158.html
B8AF834600P1,Ốp xi nhan xám lợt phải Nozza Grande 2019,Yamaha,Xi Nhan Yamaha,155000,True,,,,,https://api-website.kimthanh.com.vn/pub/media/catalog/product/b/8/b8af834600p1.webp,https://kimthanh.com.vn/gran19-op-xi-nhan-xam-lot-r.html
1DBF83D400P6,Ốp xi nhan xám lợt phải Nouvo 5 SX,Yamaha,Dàn nhựa Yamaha,40000,True,,,,,https://api-website.kimthanh.com.vn/pub/media/catalog/product/1/d/1dbf83d400p6.jpg,https://kimthanh.com.vn/no5-op-xi-nhan-xam-r-mau-1158.html
B8AF834500P5,Ốp xi nhan xám chì trái Nozza Grande 2019,Yamaha,Xi Nhan Yamaha,155000,True,,,,,https://api-website.kimthanh.com.vn/media/catalog/product/placeholder.png,https://kimthanh.com.vn/gran19-op-xi-nhan-xam-chi-l.html
B8AF834600P5,Ốp xi nhan xám chì phải Nozza Grande 2019,Yamaha,Xi Nhan Yamaha,155000,True,,,,,https://api-website.kimthanh.com.vn/pub/media/catalog/product/b/8/b8af834600p5.webp,https://kimthanh.com.vn/gran19-op-xi-nhan-xam-chi-r.html
B8AF834500P3,Ốp xi nhan tươi trái Nozza Grande 2019,Yamaha,Xi Nhan Yamaha,155000,True,,,,,https://api-website.kimthanh.com.vn/pub/media/catalog/product/b/8/b8af834500p3.webp,https://kimthanh.com.vn/gran19-op-xi-nhan-tuoi-l.html
B8AF834600P3,Ốp xi nhan tươi phải Nozza Grande 2019,Yamaha,Xi Nhan Yamaha,155000,True,,,,,https://api-website.kimthanh.com.vn/media/catalog/product/placeholder.png,https://kimthanh.com.vn/gran19-op-xi-nhan-tuoi-r.html
1DBF83D300P3,Ốp xi nhan tím trái Nouvo 5 SX,Yamaha,Xi Nhan Yamaha,35000,True,,,,,https://api-website.kimthanh.com.vn/pub/media/catalog/product/1/d/1dbf83d300p3.jpg,https://kimthanh.com.vn/no5-op-xi-nhan-tim-l.html
1DBF83D400P3,Ốp xi nhan tím phải Nouvo 5 SX,Yamaha,Xi Nhan Yamaha,35000,True,,,,,https://api-website.kimthanh.com.vn/pub/media/catalog/product/1/d/1dbf83d400p3.jpg,https://kimthanh.com.vn/no5-op-xi-nhan-tim-r.html
B8AF834500P8,Ốp xi nhan trắng xà cừ trái Nozza Grande 2019,Yamaha,Xi Nhan Yamaha,155000,True,,,,,https://api-website.kimthanh.com.vn/pub/media/catalog/product/b/8/b8af834500p8.webp,https://kimthanh.com.vn/gran19-op-xi-nhan-trang-xa-cu-l.html
B8AF834600P8,Ốp xi nhan trắng xà cừ phải Nozza Grande 2019,Yamaha,Xi Nhan Yamaha,155000,True,,,,,https://api-website.kimthanh.com.vn/media/catalog/product/placeholder.png,https://kimthanh.com.vn/gran19-op-xi-nhan-trang-xa-cu-r.html
B8AF834500P2,Ốp xi nhan trắng xanh trái Nozza Grande 2019,Yamaha,Xi Nhan Yamaha,155000,True,,,,,https://api-website.kimthanh.com.vn/media/catalog/product/placeholder.png,https://kimthanh.com.vn/gran19-op-xi-nhan-trang-xanh-l.html
B8AF834600P2,Ốp xi nhan trắng xanh phải Nozza Grande 2019,Yamaha,Xi Nhan Yamaha,155000,True,,,,,https://api-website.kimthanh.com.vn/pub/media/catalog/product/b/8/b8af834600p2.webp,https://kimthanh.com.vn/gran19-op-xi-nhan-trang-xanh-r.html
2XCF83D300P1,Ốp xi nhan trắng trái Nouvo 6,Yamaha,Xi Nhan Yamaha,55000,True,,,,,https://api-website.kimthanh.com.vn/pub/media/catalog/product/2/x/2xcf83d300p1.jpg,https://kimthanh.com.vn/no6-op-xi-nhan-trang-l.html
1DBF83D300P7,Ốp xi nhan trắng trái Nouvo 5 SX,Yamaha,Xi Nhan Yamaha,35000,True,,,,,https://api-website.kimthanh.com.vn/pub/media/catalog/product/1/d/1dbf83d300p7.jpg,https://kimthanh.com.vn/no5-op-xi-nhan-trang-l.html
2XCF83D400P1,Ốp xi nhan trắng phải Nouvo 6,Yamaha,Xi Nhan Yamaha,60000,True,,,,,https://api-website.kimthanh.com.vn/media/catalog/product/placeholder.png,https://kimthanh.com.vn/no6-op-xi-nhan-trang-r.html
1DBF83D400P7,Ốp xi nhan trắng phải Nouvo 5 SX,Yamaha,Xi Nhan Yamaha,35000,True,,,,,https://api-website.kimthanh.com.vn/pub/media/catalog/product/1/d/1dbf83d400p7.jpg,https://kimthanh.com.vn/no5-op-xi-nhan-trang-r.html
64301GGE900ZK,Ốp xi nhan trước đồng Lead 2008,Honda,Dàn nhựa Lead 2007,370000,True,,,,,https://api-website.kimthanh.com.vn/pub/media/catalog/product/6/4/64301gge900zk.webp,https://kimthanh.com.vn/lead-chu-m-dong.html
64301GGE900ZN,Ốp xi nhan trước đô Lead 2008,Honda,Dàn nhựa Lead 2007,365000,True,,,,,https://api-website.kimthanh.com.vn/pub/media/catalog/product/6/4/64301gge900zn.webp,https://kimthanh.com.vn/lead-chu-m-do.html
64360K2TV30ZG,Ốp xi nhan trước đen mờ trái Lead 2025,,không lấy được thông tin từ website,175000,True,,,,,https://api-website.kimthanh.com.vn/media/catalog/product/placeholder.png,https://kimthanh.com.vn/op-xi-nhan-truoc-den-mo-trai-lead-2025.html
64350K2TV30ZG,Ốp xi nhan trước đen mờ phải Lead 2025,,không lấy được thông tin từ website,175000,True,,,,,https://api-website.kimthanh.com.vn/media/catalog/product/placeholder.png,https://kimthanh.com.vn/op-xi-nhan-truoc-den-mo-phai-lead-2025.html
64301GGE900ZA,Ốp xi nhan trước đen Lead 2008,Honda,không lấy được thông tin từ website,370000,True,,,,,https://api-website.kimthanh.com.vn/media/catalog/product/placeholder.png,https://kimthanh.com.vn/lead-chu-m-den.html
64360K2TV30ZA,Ốp xi nhan trước tươi trái Lead 2025,,không lấy được thông tin từ website,145000,True,,,,,https://api-website.kimthanh.com.vn/media/catalog/product/placeholder.png,https://kimthanh.com.vn/op-xi-nhan-truoc-tuoi-trai-lead-2025.html
64350K2TV30ZA,Ốp xi nhan trước tươi phải Lead 2025,,không lấy được thông tin từ website,145000,True,,,,,https://api-website.kimthanh.com.vn/media/catalog/product/placeholder.png,https://kimthanh.com.vn/op-xi-nhan-truoc-tuoi-phai-lead-2025.html
64301GGE900ZC,Ốp xi nhan trước tươi Lead 2008,Honda,Dàn nhựa Lead 2007,380000,True,,,,,https://api-website.kimthanh.com.vn/media/catalog/product/placeholder.png,https://kimthanh.com.vn/lead-chu-m-tuoi.html
64301GGE900ZH,Ốp xi nhan trước tươi Lead 2008,,không lấy được thông tin từ website,370000,True,,,,,https://api-website.kimthanh.com.vn/media/catalog/product/placeholder.png,https://kimthanh.com.vn/op-xi-nhan-truoc-tuoi-lead-2008.html
64360K2TV30ZH,Ốp xi nhan trước trắng sữa trái Lead 2025,,không lấy được thông tin từ website,165000,True,,,,,https://api-website.kimthanh.com.vn/media/catalog/product/placeholder.png,https://kimthanh.com.vn/op-xi-nhan-truoc-trang-sua-trai-lead-2025.html
64350K2TV30ZH,Ốp xi nhan trước trắng sữa phải Lead 2025,,không lấy được thông tin từ website,165000,True,,,,,https://api-website.kimthanh.com.vn/media/catalog/product/placeholder.png,https://kimthanh.com.vn/op-xi-nhan-truoc-trang-sua-phai-lead-2025.html
64301GGE900ZB,Ốp xi nhan trước trắng Lead 2008,Honda,Dàn nhựa Lead 2007,380000,True,,,,,https://api-website.kimthanh.com.vn/media/catalog/product/placeholder.png,https://kimthanh.com.vn/lead-chu-m-trang.html
64301GGE900ZJ,Ốp xi nhan trước nâu Lead 2008,Honda,không lấy được thông tin từ website,380000,True,,,,,https://api-website.kimthanh.com.vn/pub/media/catalog/product/6/4/64301gge900zj.webp,https://kimthanh.com.vn/lead-chu-m-nau.html
64360K2TV30ZD,Ốp xi nhan trước lục mờ trái  Lead 2025,,không lấy được thông tin từ website,175000,True,,,,,https://api-website.kimthanh.com.vn/media/catalog/product/placeholder.png,https://kimthanh.com.vn/op-xi-nhan-truoc-luc-mo-trai-lead-2025.html
64350K2TV30ZD,Ốp xi nhan trước lục mờ phải Lead 2025,,không lấy được thông tin từ website,175000,True,,,,,https://api-website.kimthanh.com.vn/media/catalog/product/placeholder.png,https://kimthanh.com.vn/op-xi-nhan-truoc-luc-mo-phai-lead-2025.html
64301GGE900ZF,Ốp xi nhan trước kem Lead 2008,Honda,Dàn nhựa Lead 2007,380000,True,,,,,https://api-website.kimthanh.com.vn/media/catalog/product/placeholder.png,https://kimthanh.com.vn/lead-chu-m-kem.html
64301GGE900ZE,Ốp xi nhan trước hồng Lead 2008,Honda,Dàn nhựa Lead 2007,360000,True,,,,,https://api-website.kimthanh.com.vn/media/catalog/product/placeholder.png,https://kimthanh.com.vn/lead-chu-m-hong-kd.html
64360K2TV30ZB,Ốp xi nhan trước dương trái Lead 2025,,không lấy được thông tin từ website,165000,True,,,,,https://api-website.kimthanh.com.vn/media/catalog/product/placeholder.png,https://kimthanh.com.vn/op-xi-nhan-truoc-duong-trai-lead-2025.html
64350K2TV30ZB,Ốp xi nhan trước dương phải Lead 2025,,không lấy được thông tin từ website,165000,True,,,,,https://api-website.kimthanh.com.vn/media/catalog/product/placeholder.png,https://kimthanh.com.vn/op-xi-nhan-truoc-duong-phai-lead-2025.html
64301GGE900ZD,Ốp xi nhan trước bạc Lead 2008,Honda,Dàn nhựa Lead 2007,370000,True,,,,,https://api-website.kimthanh.com.vn/media/catalog/product/placeholder.png,https://kimthanh.com.vn/lead-chu-m-bac.html
64301GGE900ZG,Ốp xi nhan trước bạc Lead 2008,,không lấy được thông tin từ website,370000,True,,,,,https://api-website.kimthanh.com.vn/media/catalog/product/placeholder.png,https://kimthanh.com.vn/op-xi-nhan-truoc-bac-lead-2008.html
64308K1WD00ZB,Ốp xi nhan trái SH 350cc,Honda,Dàn nhựa SH 350i 2022,370000,True,,,,,https://api-website.kimthanh.com.vn/media/catalog/product/placeholder.png,https://kimthanh.com.vn/sh22-op-xi-nhan-l.html
83631K1NV00,Ốp xi nhan sau trái SH Mode 2021,Honda,không lấy được thông tin từ website,315000,True,,,,,https://api-website.kimthanh.com.vn/pub/media/catalog/product/8/3/83631k1nv00.webp,https://kimthanh.com.vn/sh21-op-xi-nhan-sau-l.html
83630K29900,Ốp xi nhan sau trái SH Mode 2013 - đời đầu,Honda,Dàn nhựa SH Mode VN 2013,205000,True,,,,,https://api-website.kimthanh.com.vn/pub/media/catalog/product/8/3/83630k29900.webp,https://kimthanh.com.vn/sh13-op-xi-nhan-sau-l.html
80131K97T00,Ốp xi nhan sau trái PCX 2017 - LED,,không lấy được thông tin từ website,25000,True,,,,,https://api-website.kimthanh.com.vn/media/catalog/product/placeholder.png,https://kimthanh.com.vn/op-xi-nhan-sau-trai-pcx-2017-led.html
83531K1NV00,Ốp xi nhan sau phải SH Mode 2021,Honda,Dàn nhựa SH Mode VN 2021,325000,True,,,,,https://api-website.kimthanh.com.vn/pub/media/catalog/product/8/3/83531k1nv00.webp,https://kimthanh.com.vn/sh21-op-xi-nhan-sau-r.html
83530K29900,Ốp xi nhan sau phải SH Mode 2013 - đời đầu,Honda,không lấy được thông tin từ website,205000,True,,,,,https://api-website.kimthanh.com.vn/media/catalog/product/placeholder.png,https://kimthanh.com.vn/sh13-op-xi-nhan-sau-r.html
80121K97T00,Ốp xi nhan sau phải PCX 2017 - LED,,không lấy được thông tin từ website,25000,True,,,,,https://api-website.kimthanh.com.vn/media/catalog/product/placeholder.png,https://kimthanh.com.vn/op-xi-nhan-sau-phai-pcx-2017-led.html
64307K1WD00ZB,Ốp xi nhan phải SH 350cc,,không lấy được thông tin từ website,370000,True,,,,,https://api-website.kimthanh.com.vn/media/catalog/product/placeholder.png,https://kimthanh.com.vn/op-xi-nhan-phai-sh-350cc.html
2BMF83451000,Ốp xi nhan nâu trái Nozza Grande 2015,Yamaha,Xi Nhan Yamaha,75000,True,,,,,https://api-website.kimthanh.com.vn/media/catalog/product/placeholder.png,https://kimthanh.com.vn/gran-op-xi-nhan-nau-l.html
1DBF83D300P2,Ốp xi nhan nâu trái Nouvo 5 SX,Yamaha,Xi Nhan Yamaha,35000,True,,,,,https://api-website.kimthanh.com.vn/media/catalog/product/placeholder.png,https://kimthanh.com.vn/no5-op-xi-nhan-nau-l.html
1DBF83D300P9,Ốp xi nhan nâu trái Nouvo 5 SX,,không lấy được thông tin từ website,40000,True,,,,,https://api-website.kimthanh.com.vn/media/catalog/product/placeholder.png,https://kimthanh.com.vn/op-xi-nhan-nau-trai-nouvo-5-sx.html
2BMF83461000,Ốp xi nhan nâu phải Nozza Grande 2015,Yamaha,Xi Nhan Yamaha,75000,True,,,,,https://api-website.kimthanh.com.vn/media/catalog/product/placeholder.png,https://kimthanh.com.vn/gran-op-xi-nhan-nau-r.html
1DBF83D400P2,Ốp xi nhan nâu phải Nouvo 5 SX,Yamaha,Xi Nhan Yamaha,35000,True,,,,,https://api-website.kimthanh.com.vn/pub/media/catalog/product/1/d/1dbf83d400p2.jpg,https://kimthanh.com.vn/no5-op-xi-nhan-nau-r.html
1DBF83D400P9,Ốp xi nhan nâu phải Nouvo 5 SX,,không lấy được thông tin từ website,40000,True,,,,,https://api-website.kimthanh.com.vn/media/catalog/product/placeholder.png,https://kimthanh.com.vn/op-xi-nhan-nau-phai-nouvo-5-sx.html
B8AF834500P7,Ốp xi nhan nhớt trái Nozza Grande 2019,Yamaha,Xi Nhan Yamaha,155000,True,,,,,https://api-website.kimthanh.com.vn/pub/media/catalog/product/b/8/b8af834500p7.webp,https://kimthanh.com.vn/gran19-op-xi-nhan-nhot-l.html
B8AF834600P7,Ốp xi nhan nhớt phải Nozza Grande 2019,Yamaha,Xi Nhan Yamaha,155000,True,,,,,https://api-website.kimthanh.com.vn/media/catalog/product/placeholder.png,https://kimthanh.com.vn/gran19-op-xi-nhan-nhot-r.html
B8AF834500PC,Ốp xi nhan mực mờ trái Nozza Grande 2019,Yamaha,Xi Nhan Yamaha,155000,True,,,,,https://api-website.kimthanh.com.vn/media/catalog/product/placeholder.png,https://kimthanh.com.vn/gran19-op-xi-nhan-muc-mo-l.html
B8AF834600PC,Ốp xi nhan mực mờ phải Nozza Grande 2019,Yamaha,Xi Nhan Yamaha,155000,True,,,,,https://api-website.kimthanh.com.vn/pub/media/catalog/product/b/8/b8af834600pc.webp,https://kimthanh.com.vn/gran19-op-xi-nhan-muc-mo-r.html
1DBF83D300P8,Ốp xi nhan môn trái Nouvo 5 SX,,không lấy được thông tin từ website,35000,True,,,,,https://api-website.kimthanh.com.vn/media/catalog/product/placeholder.png,https://kimthanh.com.vn/op-xi-nhan-mon-trai-nouvo-5-sx.html
1DBF83D400P8,Ốp xi nhan môn phải Nouvo 5 SX,,không lấy được thông tin từ website,35000,True,,,,,https://api-website.kimthanh.com.vn/media/catalog/product/placeholder.png,https://kimthanh.com.vn/op-xi-nhan-mon-phai-nouvo-5-sx.html
B8AF834500P0,Ốp xi nhan lục mờ trái Nozza Grande 2019,Yamaha,Xi Nhan Yamaha,155000,True,,,,,https://api-website.kimthanh.com.vn/pub/media/catalog/product/b/8/b8af834500p0.webp,https://kimthanh.com.vn/gran19-op-xi-nhan-luc-mo-l.html
42635K03H00ZA,Đùm sau bạc (có bạc đạn + ống chỉ) Wave Alpha 2017 LED,Honda,Bánh xe Wave Alpha 2017,535000,True,,,,,https://api-website.kimthanh.com.vn/pub/media/catalog/product/4/2/42635k03h00za.webp,https://kimthanh.com.vn/wa17-dum-sau-bac.html
14440KYZ901,Cò xả không bạc đạn Future LED 2019,,bạc đạn,430000,True,,,,,https://api-website.kimthanh.com.vn/pub/media/catalog/product/wp-content/uploads/2025/03/14440KYZ901.jpg,https://kimthanh.com.vn/co-xa-khong-bac-dan-future-led-2019.html
14430KYZ900,Cò hút không bạc đạn Future 125cc 2013,,bạc đạn,405000,True,,,,,https://api-website.kimthanh.com.vn/pub/media/catalog/product/wp-content/uploads/2025/03/14430KYZ900.jpg,https://kimthanh.com.vn/co-hut-khong-bac-dan-future-125cc-2013.html
91007-KE1-003,Bạc đạn đế nồi Indo - 6903 Sonic,,bạc đạn,75000,True,,,,,https://api-website.kimthanh.com.vn/media/catalog/product/placeholder.png,https://kimthanh.com.vn/bac-dan-de-noi-indo-6903-sonic.html
91052KVB901,Bạc đạn đùm trước Air Blade 2008 - 2010,,bạc đạn,65000,True,,,,,https://api-website.kimthanh.com.vn/media/catalog/product/placeholder.png,https://kimthanh.com.vn/bac-dan-dum-truoc-air-blade-2008-2010.html
93306300YN00,Bạc đạn đùm trước 6300 Janus 2016,Yamaha,bạc đạn,55000,True,,,,,https://api-website.kimthanh.com.vn/pub/media/catalog/product/9/3/93306300yn00.webp,https://kimthanh.com.vn/jan-bac-dan-dum-truoc-6300.html
91052K24901,Bạc đạn đùm trước 6201U Air Blade đời đầu,Honda,bạc đạn,35000,True,,,,,https://api-website.kimthanh.com.vn/pub/media/catalog/product/9/1/91052K24901_1_2.jpg,https://kimthanh.com.vn/ab-bac-dan-dum-truoc-6201u-k24.html
91052K24901SS,Bạc đạn đùm trước 6201U Air Blade đời đầu,Honda,Bạc đạn – Gon – Sim – Phốt Air Blade 2008 - 2010,260000,True,,,,,https://api-website.kimthanh.com.vn/pub/media/catalog/product/9/1/91052k24901ss.webp,https://kimthanh.com.vn/ab-bac-dan-dum-truoc-6201u-10-cai-k24.html
91052KVBS51,Bạc đạn đùm trước 6201U Air Blade đời đầu,,bạc đạn,45000,True,,,,,https://api-website.kimthanh.com.vn/media/catalog/product/placeholder.png,https://kimthanh.com.vn/bac-dan-dum-truoc-6201u-air-blade-doi-dau.html
91052K24904,Bạc đạn đùm trước 6201U (bộ 10 cái) Air Blade đời đầu,,bạc đạn,50000,True,,,,,https://api-website.kimthanh.com.vn/media/catalog/product/placeholder.png,https://kimthanh.com.vn/bac-dan-dum-truoc-6201u-bo-10-cai-air-blade-doi-dau.html
91052K44V81,Bạc đạn đùm trước 6201 Lead 2025,,bạc đạn,50000,True,,,,,https://api-website.kimthanh.com.vn/media/catalog/product/placeholder.png,https://kimthanh.com.vn/bac-dan-dum-truoc-6201-lead-2025.html
91002K1NV01,Bạc đạn trục khuỷu trái 35-72-15 Air Blade 2022 - 2025 đèn LED,Honda,bạc đạn,160000,True,,,,,https://api-website.kimthanh.com.vn/pub/media/catalog/product/9/1/91002k1nv01.webp,https://kimthanh.com.vn/moi-ab22-bac-dan-den-l-35-72-15-chung-ab22-lead21-sh20-sh21-so-voi-ma-91001k56n01.html
1110550,Bạc đạn rế trong thớt đề Attila 2004 2005,,bạc đạn,50000,True,,,,,https://api-website.kimthanh.com.vn/pub/media/catalog/product/1/1/1110550_1_3.jpg,https://kimthanh.com.vn/ati-bac-dan-re-trong-thot-de.html
93306901Y600,Bạc đạn pulley Nouvo 4 LX,Yamaha,Bộ nồi Yamaha,85000,True,,,,,https://api-website.kimthanh.com.vn/pub/media/catalog/product/9/3/93306901y600.webp,https://kimthanh.com.vn/no4-pl-bac-dan.html
91005K1ZJ10,Bạc đạn nắp nồi 6002 Air Blade 2022 - 2025 đèn LED,,bạc đạn,185000,True,,,,,https://api-website.kimthanh.com.vn/media/catalog/product/placeholder.png,https://kimthanh.com.vn/bac-dan-nap-noi-6002-air-blade-2022-2025-den-led.html
91008K1NV00,Bạc đạn nắp nồi - 6002 Air Blade đời đầu,Honda,bạc đạn,65000,True,,,,,https://api-website.kimthanh.com.vn/pub/media/catalog/product/9/1/91008K1NV00_1_2.jpg,https://kimthanh.com.vn/ab-bac-dan-nap-noi-vn-6002.html
91005KVBN50-ID,Bạc đạn nắp nồi + bạc thau 6002 Indo Air Blade đời đầu,,bạc đạn,105000,True,,,,,https://api-website.kimthanh.com.vn/pub/media/catalog/product/9/1/91005KVBN50_1_2.jpg,https://kimthanh.com.vn/ab-bac-dan-nap-noi-bac-thau-6002-indo.html
91005-KVB-900,Bạc đạn nắp nồi + bạc thau 6002 Honda Thái Air Blade đời đầu,,bạc đạn,130000,True,,,,,https://api-website.kimthanh.com.vn/media/catalog/product/placeholder.png,https://kimthanh.com.vn/bac-dan-nap-noi-bac-thau-6002-honda-thai-air-blade-doi-dau.html
91009K2FN11,Bạc đạn nhỏ nồi sau NET 6902 Air Blade đời đầu,,bạc đạn,60000,True,,,,,https://api-website.kimthanh.com.vn/media/catalog/product/placeholder.png,https://kimthanh.com.vn/bac-dan-nho-noi-sau-net-6902-air-blade-doi-dau.html
91004GGCG01,Bạc đạn nhỏ nồi sau Honda Việt 6902 Air Blade đời đầu,Honda,bạc đạn,50000,True,,,,,https://api-website.kimthanh.com.vn/pub/media/catalog/product/9/1/91004ggcg01.webp,https://kimthanh.com.vn/ab-bac-dan-nho-noi-sau-vn-6902.html
91009K93T01,Bạc đạn nhỏ nồi sau Honda Việt 6902 Air Blade đời đầu,,bạc đạn,35000,True,,,,,https://api-website.kimthanh.com.vn/media/catalog/product/placeholder.png,https://kimthanh.com.vn/bac-dan-nho-noi-sau-honda-viet-6902-air-blade-doi-dau.html
91009-K93-T01,Bạc đạn nhỏ nồi sau Honda Thái 6902 Air Blade đời đầu,Honda,bạc đạn,50000,True,,,,,https://api-website.kimthanh.com.vn/pub/media/catalog/product/9/1/91009-k93-t01.webp,https://kimthanh.com.vn/ab-bac-dan-nho-noi-sau-tl-6902.html
91016K1ZJ11,Bạc đạn nhông số lớn 6004 Vario Việt Nam 2022,,bạc đạn,65000,True,,,,,https://api-website.kimthanh.com.vn/media/catalog/product/placeholder.png,https://kimthanh.com.vn/bac-dan-nhong-so-lon-6004-vario-viet-nam-2022.html
91016K1NV01,Bạc đạn nhông số lớn 6004 Air Blade đời đầu,,bạc đạn,60000,True,,,,,https://api-website.kimthanh.com.vn/media/catalog/product/placeholder.png,https://kimthanh.com.vn/bac-dan-nhong-so-lon-6004-air-blade-doi-dau.html
93306204YX00,Bạc đạn nhông số Exciter 2011 135cc 5 số,Yamaha,Nhông số Yamaha,75000,True,,,,,https://api-website.kimthanh.com.vn/media/catalog/product/placeholder.png,https://kimthanh.com.vn/ex11-ns-bac-dan.html
91008KZR601,Bạc đạn nhông số 6302 Air Blade 2013 - 2015 đèn cầu,Honda,bạc đạn,60000,True,,,,,https://api-website.kimthanh.com.vn/pub/media/catalog/product/9/1/91008kzr601.webp,https://kimthanh.com.vn/ab13-bac-dan-nhong-so-6302.html
91008KZR602,Bạc đạn nhông số 6302 Air Blade 2013 - 2015 đèn cầu,,bạc đạn,85000,True,,,,,https://api-website.kimthanh.com.vn/media/catalog/product/placeholder.png,https://kimthanh.com.vn/bac-dan-nhong-so-6302-air-blade-2013-2015-den-cau.html
91005KZR601,Bạc đạn nhông số 6301 Air Blade 2013 - 2015 đèn cầu,Honda,bạc đạn,55000,True,,,,,https://api-website.kimthanh.com.vn/pub/media/catalog/product/9/1/91005kzr601.webp,https://kimthanh.com.vn/ab13-bac-dan-nhong-so-6301.html
91005KZR602,Bạc đạn nhông số 6301 Air Blade 2013 - 2015 đèn cầu,,bạc đạn,75000,True,,,,,https://api-website.kimthanh.com.vn/media/catalog/product/placeholder.png,https://kimthanh.com.vn/bac-dan-nhong-so-6301-air-blade-2013-2015-den-cau.html
91003KZR602,Bạc đạn nhông số 6204 Vario Việt Nam 2022,,bạc đạn,110000,True,,,,,https://api-website.kimthanh.com.vn/media/catalog/product/placeholder.png,https://kimthanh.com.vn/bac-dan-nhong-so-6204-vario-viet-nam-2022.html
91003KZR601,Bạc đạn nhông số 6204 Air Blade 2013 - 2015 đèn cầu,Honda,bạc đạn,80000,True,,,,,https://api-website.kimthanh.com.vn/pub/media/catalog/product/9/1/91003kzr601.webp,https://kimthanh.com.vn/ab13-bac-dan-nhong-so-6204.html
91003K2SN01,Bạc đạn nhông số 6204 Air Blade 2013 - 2015 đèn cầu,,bạc đạn,110000,True,,,,,https://api-website.kimthanh.com.vn/media/catalog/product/placeholder.png,https://kimthanh.com.vn/bac-dan-nhong-so-6204-air-blade-2013-2015-den-cau.html
91004K2SN01,Bạc đạn nhông số 6202 Vario Việt Nam 2022,,bạc đạn,45000,True,,,,,https://api-website.kimthanh.com.vn/media/catalog/product/placeholder.png,https://kimthanh.com.vn/bac-dan-nhong-so-6202-vario-viet-nam-2022.html
91004KZR601,Bạc đạn nhông số 6202 Air Blade 2013 - 2015 đèn cầu,Honda,bạc đạn,50000,True,,,,,https://api-website.kimthanh.com.vn/pub/media/catalog/product/9/1/91004kzr601.webp,https://kimthanh.com.vn/ab13-bac-dan-nhong-so-6202.html
91004KZR602,Bạc đạn nhông số 6202 Air Blade 2013 - 2015 đèn cầu,,bạc đạn,70000,True,,,,,https://api-website.kimthanh.com.vn/media/catalog/product/placeholder.png,https://kimthanh.com.vn/bac-dan-nhong-so-6202-air-blade-2013-2015-den-cau.html
91006KZR601,Bạc đạn nhông số 6201 VN Air Blade 2013 - 2015 đèn cầu,Honda,bạc đạn,45000,True,,,,,https://api-website.kimthanh.com.vn/pub/media/catalog/product/9/1/91006KZR601_1_3.jpg,https://kimthanh.com.vn/ab13-bac-dan-nhong-so-6201.html
91006KZR602,Bạc đạn nhông số 6201 VN Air Blade 2013 - 2015 đèn cầu,,bạc đạn,60000,True,,,,,https://api-website.kimthanh.com.vn/media/catalog/product/placeholder.png,https://kimthanh.com.vn/bac-dan-nhong-so-6201-vn-air-blade-2013-2015-den-cau.html
91006-KZR-601,Bạc đạn nhông số 6201 Honda Thái Air Blade 2013 - 2015 đèn cầu,Honda,bạc đạn,45000,True,,,,,https://api-website.kimthanh.com.vn/pub/media/catalog/product/9/1/91006-kzr-601.webp,https://kimthanh.com.vn/ab13-bac-dan-nhong-so-6201-tl.html
91001KWB601,Bạc đạn dên nhỏ 63/22 NTN,,bạc đạn,100000,True,,,,,https://api-website.kimthanh.com.vn/media/catalog/product/placeholder.png,https://kimthanh.com.vn/bac-dan-den-nho-6322-ntn.html
91001KPH901,Bạc đạn dên bên phải Future 125cc 2013,,bạc đạn,135000,True,,,,,https://api-website.kimthanh.com.vn/media/catalog/product/placeholder.png,https://kimthanh.com.vn/bac-dan-den-future-125cc-2013.html
17225K1NV00,Đế Pô E xe Honda SH 2021,Honda,Gon,210000,True,,,,,https://api-website.kimthanh.com.vn/media/catalog/product/placeholder.png,https://kimthanh.com.vn/sh21-po-e-hop-co-gon.html
2BMWH18E0000,Than đề + gon Taurus,Yamaha,Khởi động xe Yamaha,55000,True,,,,,https://api-website.kimthanh.com.vn/media/catalog/product/placeholder.png,https://kimthanh.com.vn/tau-than-de-gon.html
5TPH18010000,Than đề + gon Taurus,,Gon,40000,True,,,,,https://api-website.kimthanh.com.vn/media/catalog/product/placeholder.png,https://kimthanh.com.vn/than-de-gon-taurus.html
19226KWN900,Sim nắp bơm nước Vario 125cc Việt Nam 2024,,Gon,15000,True,,,,,https://api-website.kimthanh.com.vn/media/catalog/product/placeholder.png,https://kimthanh.com.vn/gon-nap-bom-nuoc-vario-125cc-viet-nam-2024.html
83600KYL700ZD,Rùa đen bóng có gon Future Neo 2005,,Gon,85000,True,,,,,https://api-website.kimthanh.com.vn/media/catalog/product/placeholder.png,https://kimthanh.com.vn/rua-den-bong-future-neo-2005.html
11395-KWN-900,Ron nắp nồi TL PCX 2010,Honda,Hộp đầu quy lat PCX 2010,85000,True,,,,,https://api-website.kimthanh.com.vn/pub/media/catalog/product/1/1/11395-kwn-900.jpg,https://kimthanh.com.vn/pcx-gon-nap-noi-tl.html
11395K0RV01,Ron lốc nồi SH 2020,Honda,Gon,95000,True,,,,,https://api-website.kimthanh.com.vn/pub/media/catalog/product/1/1/11395K0RV01_1.jpg,https://kimthanh.com.vn/sh20-gon-nap-noi.html
11395K01900,Ron lốc nồi SH 2012,Honda,Gon,105000,True,,,,,https://api-website.kimthanh.com.vn/pub/media/catalog/product/1/1/11395K01900_1.jpg,https://kimthanh.com.vn/sh12-gon-nap-noi.html
14560KZR600,Ron gioăng tăng cam Click Honda Thái 2012 - 2014,Honda,Gon,20000,True,,,,,https://api-website.kimthanh.com.vn/pub/media/catalog/product/1/4/14560KZR600_1_2.jpg,https://kimthanh.com.vn/clk12-gon-tang-cam.html
12251K1ZJ11,Ron gioăng quy lat Vario Honda Việt Nam 2022 - 2024,Honda,Gon,40000,True,,,,,https://api-website.kimthanh.com.vn/pub/media/catalog/product/1/2/12251K1ZJ11.webp,https://kimthanh.com.vn/moi-var22-gon-quy-lat-vn.html
12251KVB902,Ron gioăng quy lat Honda Việt Air Blade đời đầu,Honda,Hộp đầu quy lat Honda,115000,True,,,,,https://api-website.kimthanh.com.vn/pub/media/catalog/product/1/2/12251kvb902.jpg,https://kimthanh.com.vn/ab-gon-quy-lat-vn.html
12251-KVB-902,Ron gioăng quy lat Honda Thái Air Blade đời đầu,Honda,Hộp đầu quy lat Honda,65000,True,,,,,https://api-website.kimthanh.com.vn/pub/media/catalog/product/1/2/12251-KVB-902_1_2.jpg,https://kimthanh.com.vn/ab-gon-quy-lat-tl.html
12251-K1Z-J11,Ron gioăng quy lat Click Honda Thái 2022 - 2024,Honda,Hộp đầu quy lat Honda,65000,True,,,,,https://api-website.kimthanh.com.vn/pub/media/catalog/product/1/2/12251-K1Z-J11_1_2.jpg,https://kimthanh.com.vn/clk22-gon-quy-lat-tl.html
12251K1NV01,Ron gioăng quy lat 125cc Air Blade 2022 - 2025 đèn LED,Honda,Hộp đầu quy lat SH VN MODE 2021,40000,True,,,,,https://api-website.kimthanh.com.vn/pub/media/catalog/product/1/2/12251K1NV01_1_2.jpg,https://kimthanh.com.vn/sh21-gon-quy-lat.html
18291KVB900,Ron gioăng pô Air Blade đời đầu,Honda,Tản nhiệt - Lọc khí Honda,20000,True,,,,,https://api-website.kimthanh.com.vn/pub/media/catalog/product/1/8/18291KVB900_1_2.jpg,https://kimthanh.com.vn/ab-gon-po-kd.html
17518GHB601,Ron gioăng nắp thùng xăng vuông Fi Air Blade đời đầu,Honda,Gon,45000,True,,,,,https://api-website.kimthanh.com.vn/pub/media/catalog/product/1/7/17518ghb601.jpg,https://kimthanh.com.vn/ab-gon-nap-thung-xang-vuong-fi.html
11395KVB901,Ron gioăng nắp nồi xăng cơ Honda Việt Air Blade đời đầu,Honda,Gon,85000,True,,,,,https://api-website.kimthanh.com.vn/pub/media/catalog/product/1/1/11395KVB901_1_3.jpg,https://kimthanh.com.vn/ab-gon-nap-noi-t-vn.html
11395KVY901,Ron gioăng nắp nồi Fi Honda Việt Air Blade đời đầu,Honda,Gon,95000,True,,,,,https://api-website.kimthanh.com.vn/pub/media/catalog/product/1/1/11395KVY901_1_2.jpg,https://kimthanh.com.vn/ab-gon-nap-noi-fi-vn.html
11395-KVY-901,Ron gioăng nắp nồi Fi Honda Thái Air Blade đời đầu,Honda,Bạc đạn – Gon – Sim – Phốt Air Blade 2008 - 2010,70000,True,,,,,https://api-website.kimthanh.com.vn/pub/media/catalog/product/1/1/11395-KVY-901_1_2.jpg,https://kimthanh.com.vn/ab-gon-nap-noi-fi-tl.html
11395K1ZJ11,Ron gioăng nắp nồi Air Blade 2022 - 2025 đèn LED,Honda,Nhông số Honda,70000,True,,,,,https://api-website.kimthanh.com.vn/pub/media/catalog/product/1/1/11395K1ZJ11_1_3.jpg,https://kimthanh.com.vn/ab22-gon-nap-noi.html
11395K1FV01,Ron gioăng nắp nồi Air Blade 2013 - 2015 đèn cầu,Honda,Bạc đạn – Gon – Sim – Phốt Air Blade 2013,75000,True,,,,,https://api-website.kimthanh.com.vn/pub/media/catalog/product/1/1/11395K1FV01_1_3.jpg,https://kimthanh.com.vn/ab13-gon-nap-noi-k1f-mg.html
11395KZR600,Ron gioăng nắp nồi Air Blade 2013 - 2015 đèn cầu,Honda,Gon,85000,True,,,,,https://api-website.kimthanh.com.vn/pub/media/catalog/product/1/1/11395KZR600_1_3.jpg,https://kimthanh.com.vn/ab13-gon-nap-noi-kzr-kd.html
19226-KVB-900-ID,Ron gioăng nắp nước Indo Air Blade đời đầu,,Gon,10000,True,,,,,https://api-website.kimthanh.com.vn/pub/media/catalog/product/1/9/19226-KVB-900_1_2.jpg,https://kimthanh.com.vn/ab-gon-bom-nuoc-indo.html
19226-KWN-900,Ron gioăng nắp nước Honda Thái Air Blade đời đầu,Honda,Tản nhiệt - Lọc khí Honda,15000,True,,,,,https://api-website.kimthanh.com.vn/pub/media/catalog/product/1/9/19226-KWN-900_1_2.jpg,https://kimthanh.com.vn/ab-gon-bom-nuoc-tl-kd.html
19216-KVB-900,Ron gioăng mâm lửa Honda Thái Air Blade đời đầu,Honda,Bạc đạn - Gon - Sim- Phốt Air Blade,25000,True,,,,,https://api-website.kimthanh.com.vn/pub/media/catalog/product/wp-content/uploads/2024/06/19216-KVB-900.jpg,https://kimthanh.com.vn/ab-gon-mam-lua-indo.html
19216KVB900-ID,Ron gioăng mâm lửa Honda Indo Air Blade đời đầu,Honda,Gon mâm lửa,25000,True,,,,,https://api-website.kimthanh.com.vn/pub/media/catalog/product/1/9/19216-KVB-900_1_2.jpg,https://kimthanh.com.vn/ab07-gon-mam-lua-indo.html
21395KZR600,Ron gioăng hộp số VN Air Blade 2013 - 2015 đèn cầu,Honda,Gon,25000,True,,,,,https://api-website.kimthanh.com.vn/pub/media/catalog/product/2/1/21395kzr600.jpg,https://kimthanh.com.vn/ab13-gon-hop-so-vn.html
21395KVB901,Ron gioăng hộp số Honda Việt Air Blade đời đầu,Honda,Gon,30000,True,,,,,https://api-website.kimthanh.com.vn/pub/media/catalog/product/2/1/21395kvb901.jpg,https://kimthanh.com.vn/ab-gon-hop-so.html
21395-KZR-600,Ron gioăng hộp số Honda Thái Air Blade 2013 - 2015 đèn cầu,Honda,Gon,20000,True,,,,,https://api-website.kimthanh.com.vn/pub/media/catalog/product/2/1/21395-KZR-600_1_3.jpg,https://kimthanh.com.vn/ab13-gon-hop-so-tl.html
21395K1ZJ11,Ron gioăng hộp số Air Blade 2022 - 2025 đèn LED,Honda,Gon,35000,True,,,,,https://api-website.kimthanh.com.vn/pub/media/catalog/product/2/1/21395K1ZJ11_1_2.jpg,https://kimthanh.com.vn/ab22-gon-hop-so-mg.html
21395K1NV01,Ron gioăng hộp số Air Blade 2022 - 2025 đèn LED,Honda,Gon,20000,True,,,,,https://api-website.kimthanh.com.vn/pub/media/catalog/product/2/1/21395K1NV01_1_2.jpg,https://kimthanh.com.vn/ab22-gon-hop-so.html
19649K1FV00,Ron gioăng chụp nắp nồi Air Blade 2020 - 2021 đèn LED,Honda,Hộp đầu quy lat Honda,20000,True,,,,,https://api-website.kimthanh.com.vn/pub/media/catalog/product/1/9/19649K1FV00_1_2.jpg,https://kimthanh.com.vn/ab20-gon-chup-nap-noi.html
12191KZR600,Ron gioăng chân nòng VN Air Blade 2013 - 2015 đèn cầu,Honda,Hộp đầu quy lat Honda,25000,True,,,,,https://api-website.kimthanh.com.vn/pub/media/catalog/product/1/2/12191KZR600_1_3.jpg,https://kimthanh.com.vn/ab13-gon-chan-nong-vn.html
12191-KZR-600,Ron gioăng chân nòng Honda Thái Air Blade 2013 - 2015 đèn cầu,Honda,Hộp đầu quy lat Honda,30000,True,,,,,https://api-website.kimthanh.com.vn/pub/media/catalog/product/1/2/12191-kzr-600.jpg,https://kimthanh.com.vn/ab13-gon-chan-nong-tl.html
12191KVB901,Ron gioăng chân nòng Air Blade đời đầu,Honda,Hộp đầu quy lat Honda,35000,True,,,,,https://api-website.kimthanh.com.vn/pub/media/catalog/product/1/2/12191KVB901_1_2.jpg,https://kimthanh.com.vn/ab-gon-chan-nong.html
12191K1ZJ11,Ron gioăng chân nòng Air Blade 2022 - 2025 đèn LED,Honda,Gon,25000,True,,,,,https://api-website.kimthanh.com.vn/pub/media/catalog/product/1/2/12191K1ZJ11_1_2.jpg,https://kimthanh.com.vn/ab22-gon-chan-nong.html
12391KVB900,Ron gioăng cao su đầu xăng cơ Air Blade đời đầu,Honda,Hộp đầu quy lat Honda,70000,True,,,,,https://api-website.kimthanh.com.vn/pub/media/catalog/product/1/2/12391kvb900_1.jpg,https://kimthanh.com.vn/ab-gon-cao-su-dau-t.html
12391KVY900,Ron gioăng cao su đầu Fi Air Blade đời đầu,Honda,Hộp đầu quy lat Honda,65000,True,,,,,https://api-website.kimthanh.com.vn/pub/media/catalog/product/1/2/12391kvy900.jpg,https://kimthanh.com.vn/ab-gon-cao-su-dau-fi.html
12391GGC900,Ron gioăng cao su đầu Fi - GGC Air Blade đời đầu,Honda,Hộp đầu quy lat Honda,70000,True,,,,,https://api-website.kimthanh.com.vn/pub/media/catalog/product/1/2/12391ggc900.jpg,https://kimthanh.com.vn/ab-gon-cao-su-dau-fi-kd.html
17572GHB601,Ron gioăng bơm xăng Fi Honda Việt Air Blade đời đầu,Honda,Gon,30000,True,,,,,https://api-website.kimthanh.com.vn/pub/media/catalog/product/1/7/17572ghb601.jpg,https://kimthanh.com.vn/ab-gon-bom-xang-fi.html
91301KVB900,Sim ống nối nòng Honda Việt Air Blade đời đầu,Honda,Sim,10000,True,,,,,https://api-website.kimthanh.com.vn/pub/media/catalog/product/9/1/91301KVB900_1_2.jpg,https://kimthanh.com.vn/ab-phot-nap-bom-nuoc-vn-12-5-x-2-4-mm.html
91307KRM840,Sim ti thăm nhớt Future LED 2019,,Sim,10000,True,,,,,https://api-website.kimthanh.com.vn/media/catalog/product/placeholder.png,https://kimthanh.com.vn/sim-ti-tham-nhot-future-led-2019.html
91302KWN900,Sim thân bơm nước Vario 125cc Việt Nam 2024,,Sim,10000,True,,,,,https://api-website.kimthanh.com.vn/media/catalog/product/placeholder.png,https://kimthanh.com.vn/sim-than-bom-nuoc-vario-125cc-viet-nam-2024.html
33SE11960000,sim tam giác Luvias xăng cơ,,Sim,70000,True,,,,,https://api-website.kimthanh.com.vn/media/catalog/product/placeholder.png,https://kimthanh.com.vn/sim-tam-giac-luvias-xang-co.html
91384KRJ901,Sim pulley Việt Nam SH Ý 2008,,Sim,20000,True,,,,,https://api-website.kimthanh.com.vn/media/catalog/product/placeholder.png,https://kimthanh.com.vn/sim-pulley-viet-nam-sh-y-2008.html
91384KVB900,Sim pulley Vario 125cc Việt Nam 2024,,Sim,20000,True,,,,,https://api-website.kimthanh.com.vn/media/catalog/product/placeholder.png,https://kimthanh.com.vn/sim-pulley-vario-125cc-viet-nam-2024.html
B8AE74651000,Sim pulley Nozza Grande 2022,Yamaha,Bộ nồi Yamaha,15000,True,,,,,https://api-website.kimthanh.com.vn/pub/media/catalog/product/wp-content/uploads/2024/04/B8AE74651000.jpg,https://kimthanh.com.vn/gran22-sim-pulley-2-cai-cap.html
2BME74652000,Sim Pulley Nozza Grande 2015,Yamaha,Bộ nồi Yamaha,20000,True,,,,,https://api-website.kimthanh.com.vn/media/catalog/product/placeholder.png,https://kimthanh.com.vn/gran-pl-sim-pulley-cai.html
932104280200,Sim pulley Nouvo 4 LX,Yamaha,Bộ nồi Yamaha,20000,True,,,,,https://api-website.kimthanh.com.vn/pub/media/catalog/product/9/3/932104280200.webp,https://kimthanh.com.vn/no4-pl-sim-pulley-x-2-kd.html
91352KM1005,Sim pulley Forza 300cc,,Sim,50000,True,,,,,https://api-website.kimthanh.com.vn/media/catalog/product/placeholder.png,https://kimthanh.com.vn/sim-pulley-forza-300cc.html
91351GR1000,"Sim pulley 38,5-2 SH Việt 2012",Honda,Bộ nồi SH VN 2012,25000,True,,,,,https://api-website.kimthanh.com.vn/pub/media/catalog/product/9/1/91351gr1000.webp,https://kimthanh.com.vn/sh12-pl-sim-pulley-385-2.html
91351642000,Sim pulley 1 SH Việt 2012,Honda,Bộ nồi SH,20000,True,,,,,https://api-website.kimthanh.com.vn/pub/media/catalog/product/9/1/91351642000.webp,https://kimthanh.com.vn/sh12-pl-sim-pulley-1.html
91372KPH900SS,Sim nắp xupap Future LED 2019,Yamaha,Phụ kiện Yamaha,95000,True,,,,,https://api-website.kimthanh.com.vn/pub/media/catalog/product/9/1/91372kph900ss.webp,https://kimthanh.com.vn/fu20-sim-nap-xupap-10-caibich.html
91372KPH900,Sim nắp xupap Future LED 2019,,Sim,10000,True,,,,,https://api-website.kimthanh.com.vn/media/catalog/product/placeholder.png,https://kimthanh.com.vn/sim-nap-xupap-future-led-2019.html
91302001020,Sim nắp lọc nhớt Vario 125cc Việt Nam 2024,,Sim,10000,True,,,,,https://api-website.kimthanh.com.vn/media/catalog/product/placeholder.png,https://kimthanh.com.vn/sim-nap-loc-nhot-vario-125cc-viet-nam-2024.html
932114180000,Sim nắp dên trái Luvias xăng cơ,Yamaha,Bạc đạn - Gon - Sim - Phốt Yamaha,20000,True,,,,,https://api-website.kimthanh.com.vn/pub/media/catalog/product/9/3/932114180000.webp,https://kimthanh.com.vn/lu-sim-nap-den-l.html
932106080100,Sim nắp chụp lọc nhớt Exciter 2010 135cc 4 số,,Sim,20000,True,,,,,https://api-website.kimthanh.com.vn/media/catalog/product/placeholder.png,https://kimthanh.com.vn/sim-nap-chup-loc-nhot-exciter-2010-135cc-4-so.html
91301PH8005,Sim nắp cam 74.5x2.5 Future LED 2019,,Sim,20000,True,,,,,https://api-website.kimthanh.com.vn/media/catalog/product/placeholder.png,https://kimthanh.com.vn/sim-nap-cam-745x25-future-led-2019.html
19226KWN900,Sim nắp bơm nước Vario 125cc Việt Nam 2024,,Sim,15000,True,,,,,https://api-website.kimthanh.com.vn/media/catalog/product/placeholder.png,https://kimthanh.com.vn/gon-nap-bom-nuoc-vario-125cc-viet-nam-2024.html
44SE24390000,Sim nắp bơm nước Luvias xăng cơ,Yamaha,Sim,55000,True,,,,,https://api-website.kimthanh.com.vn/media/catalog/product/placeholder.png,https://kimthanh.com.vn/lu-sim-nap-bom-nuoc.html
932110780500,Sim mâm lửa Nouvo 2,Yamaha,Bạc đạn - Gon - Sim - Phốt Yamaha,25000,True,,,,,https://api-website.kimthanh.com.vn/media/catalog/product/placeholder.png,https://kimthanh.com.vn/no2-sim-mam-lua.html
932113180000,Sim mâm lửa Luvias xăng cơ,Yamaha,Bạc đạn - Gon - Sim - Phốt Yamaha,20000,True,,,,,https://api-website.kimthanh.com.vn/media/catalog/product/placeholder.png,https://kimthanh.com.vn/lu-sim-mam-lua.html
19216KVB900,Sim mâm lửa Air Blade đời đầu,Honda,Sim,50000,True,,,,,https://api-website.kimthanh.com.vn/pub/media/catalog/product/1/9/19216KVB900_1_2.jpg,https://kimthanh.com.vn/ab-sim-mam-lua.html
11363KWN900,Sim mâm lửa Air Blade 2013 - 2015 đèn cầu,Honda,Bạc đạn - Gon - Sim - Phốt Air Blade,20000,True,,,,,https://api-website.kimthanh.com.vn/pub/media/catalog/product/wp-content/uploads/2024/06/11363KWN900.jpg,https://kimthanh.com.vn/ab13-sim-mam-lua.html
91309KEE630,Sim cục đề Wave Blade 2014,,Sim,10000,True,,,,,https://api-website.kimthanh.com.vn/media/catalog/product/placeholder.png,https://kimthanh.com.vn/sim-cuc-de-wave-blade-2014.html
91303K27V01,Sim cảm biến tốc độ Air Blade 2013 - 2015 đèn cầu,,Sim,10000,True,,,,,https://api-website.kimthanh.com.vn/media/catalog/product/placeholder.png,https://kimthanh.com.vn/sim-cam-bien-toc-do-air-blade-2013-2015-den-cau.html
91303K0RV01,Sim cảm biến tốc độ (31.4x2.4) Vario Việt Nam 2022,,Sim,15000,True,,,,,https://api-website.kimthanh.com.vn/media/catalog/product/placeholder.png,https://kimthanh.com.vn/sim-cam-bien-toc-do-314x24-vario-viet-nam-2022.html
91301KRJ901,Sim co xăng Vario 125cc Việt Nam 2024,,Sim,30000,True,,,,,https://api-website.kimthanh.com.vn/media/catalog/product/placeholder.png,https://kimthanh.com.vn/sim-co-xang-vario-125cc-viet-nam-2024.html
91304GB1900,Sim co xăng trên Wave Alpha 2002 đời đầu,,Sim,15000,True,,,,,https://api-website.kimthanh.com.vn/media/catalog/product/placeholder.png,https://kimthanh.com.vn/sim-co-xang-tren-wave-alpha-2002-doi-dau.html
91301GK4871,Sim co xăng dưới Wave Alpha 2002 đời đầu,,Sim,20000,True,,,,,https://api-website.kimthanh.com.vn/media/catalog/product/placeholder.png,https://kimthanh.com.vn/sim-co-xang-duoi-wave-alpha-2002-doi-dau.html
91304KPH700,Sim co xăng dưới Future LED 2019,,Sim,25000,True,,,,,https://api-website.kimthanh.com.vn/media/catalog/product/placeholder.png,https://kimthanh.com.vn/sim-co-xang-duoi-future-led-2019.html
5YP145640000,Sim chén xăng Exciter 2010 135cc 4 số,Yamaha,Bạc đạn - Gon - Sim - Phốt Yamaha,70000,True,,,,,https://api-website.kimthanh.com.vn/media/catalog/product/placeholder.png,https://kimthanh.com.vn/ex10-sim-chen-xang.html
19226K56N00,Sim bơm nước Winner 2016 V1 đời đầu,Honda,Sim,205000,True,,,,,https://api-website.kimthanh.com.vn/media/catalog/product/placeholder.png,https://kimthanh.com.vn/win-sim-bom-nuoc-vn.html
19381KWN900,Sim bơm nước nhỏ Air Blade 2013 - 2015 đèn cầu,Honda,Bạc đạn - Gon - Sim - Phốt Air Blade,40000,True,,,,,https://api-website.kimthanh.com.vn/pub/media/catalog/product/1/9/19381KWN900_1_3.jpg,https://kimthanh.com.vn/ab13-sim-bom-nuoc-nho.html
19226-K56-N00,Sim bơm nước Indo Winner 2016 V1 đời đầu,,Sim,50000,True,,,,,https://api-website.kimthanh.com.vn/media/catalog/product/placeholder.png,https://kimthanh.com.vn/sim-bom-nuoc-indo-winner-2016-v1-doi-dau.html
932108480100,Sim bơm nước Exciter 2010 135cc 4 số,,Sim,20000,True,,,,,https://api-website.kimthanh.com.vn/pub/media/catalog/product/9/3/932108480100.webp,https://kimthanh.com.vn/ex10-bn-sim-bom-nuoc-kd.html
932108480000,Sim bơm nước Exciter 2010 135cc 4 số,,Sim,20000,True,,,,,https://api-website.kimthanh.com.vn/media/catalog/product/placeholder.png,https://kimthanh.com.vn/sim-bom-nuoc-exciter-2010-135cc-4-so.html
19217MAL300,Phốt bơm nước không sim SH 300cc,,Sim,200000,True,,,,,https://api-website.kimthanh.com.vn/media/catalog/product/placeholder.png,https://kimthanh.com.vn/phot-bom-nuoc-khong-sim-sh-300cc.html
44SE24220000,Nắp bơm nước không sim Luvias xăng cơ,Yamaha,Tản nhiệt - Lọc khí Yamaha,370000,True,,,,,https://api-website.kimthanh.com.vn/media/catalog/product/placeholder.png,https://kimthanh.com.vn/lu-nap-bom-nuoc-co-sim.html
11363K0RV00,Gioăng đế cuộn phát điện cho xe SH2020,Honda,Sim,25000,True,,,,,https://api-website.kimthanh.com.vn/media/catalog/product/placeholder.png,https://kimthanh.com.vn/sh20-sim-mam-lua.html
91301KVB900,Sim ống nối nòng Honda Việt Air Blade đời đầu,Honda,phốt,10000,True,,,,,https://api-website.kimthanh.com.vn/pub/media/catalog/product/9/1/91301KVB900_1_2.jpg,https://kimthanh.com.vn/ab-phot-nap-bom-nuoc-vn-12-5-x-2-4-mm.html
91203K40F01,Phớt dầu 22-32-6,Honda,phốt,30000,True,,,,,https://api-website.kimthanh.com.vn/pub/media/catalog/product/9/1/91203k40f01.webp,https://kimthanh.com.vn/sh20-phot-lap-nho-22-32-6.html
90543MV9670,Phốt đầu bò SH Ý 2008,Honda,phốt,10000,True,,,,,https://api-website.kimthanh.com.vn/media/catalog/product/placeholder.png,https://kimthanh.com.vn/sh08-phot-dau-bo.html
91251KZR601,Phốt đùm trước 21-32-5 Air Blade đời đầu,,phốt,25000,True,,,,,https://api-website.kimthanh.com.vn/media/catalog/product/placeholder.png,https://kimthanh.com.vn/phot-dum-truoc-21-32-5-air-blade-doi-dau.html
42653001004,Phốt đùm sau 40.5x3 Wave Blade 2014,,phốt,10000,True,,,,,https://api-website.kimthanh.com.vn/pub/media/catalog/product/wp-content/uploads/2025/03/42653001004.jpg,https://kimthanh.com.vn/phot-dum-sau-405x3-wave-blade-2014.html
12209GB4682,Phốt xupap xanh Honda Việt Air Blade đời đầu,Honda,phốt,20000,True,,,,,https://api-website.kimthanh.com.vn/pub/media/catalog/product/1/2/12209GB4682_1_2.jpg,https://kimthanh.com.vn/ab-phot-xupap-xanh-vn-2-cai-cap.html
12209K1BT01,Phốt xupap Winner 2016 V1 đời đầu,Honda,phốt,15000,True,,,,,https://api-website.kimthanh.com.vn/media/catalog/product/placeholder.png,https://kimthanh.com.vn/sh22-phot-xupap-4-cai-bo.html
12209ML0722,Phốt xupap Winner 2016 V1 đời đầu,Honda,Bạc đạn - Gon - Sim - Phốt Winner V1 2016,20000,True,,,,,https://api-website.kimthanh.com.vn/pub/media/catalog/product/1/2/12209ml0722.jpg,https://kimthanh.com.vn/win-phot-xupap-4-cai-bo-ml0.html
12209K56N01,Phốt xupap Winner 2016 V1 đời đầu,,phốt,30000,True,,,,,https://api-website.kimthanh.com.vn/media/catalog/product/placeholder.png,https://kimthanh.com.vn/phot-xupap-winner-2016-v1-doi-dau.html
12209-K1B-T01,Phốt xupap Thái Lan Winner - Sonic 2016 - 2019,,phốt,115000,True,,,,,https://api-website.kimthanh.com.vn/media/catalog/product/placeholder.png,https://kimthanh.com.vn/phot-xupap-thai-lan-winner-sonic-2016-2019.html
2S6E21190000,Phốt xupap Sirius xăng cơ 2006 - 2010,Yamaha,phốt,40000,True,,,,,https://api-website.kimthanh.com.vn/media/catalog/product/placeholder.png,https://kimthanh.com.vn/si-phot-xupap.html
12209GB4681,Phốt xupap nâu Air Blade đời đầu,,phốt,20000,True,,,,,https://api-website.kimthanh.com.vn/media/catalog/product/placeholder.png,https://kimthanh.com.vn/phot-xupap-nau-air-blade-doi-dau.html
12209GB4681SS,Phốt xupap nâu (bịch 10 cái) Air Blade đời đầu,Honda,Bạc đạn - Gon - Sim - Phốt Air Blade,165000,True,,,,,https://api-website.kimthanh.com.vn/media/catalog/product/placeholder.png,https://kimthanh.com.vn/ab-phot-xupap-nau-10-caibich.html
B63E21190000,Phốt xupap Nozza Grande 2019,Yamaha,phốt,20000,True,,,,,https://api-website.kimthanh.com.vn/pub/media/catalog/product/b/6/b63e21190000.webp,https://kimthanh.com.vn/gran19-phot-xupap.html
12209-K56-N01,Phốt xupap Indo Winner 2016 V1,Honda,phốt,25000,True,,,,,https://api-website.kimthanh.com.vn/pub/media/catalog/product/1/2/12209-k56-n01.jpg,https://kimthanh.com.vn/win-phot-xupap-indo-4-cai-bo.html
2S6-E2119-0000,Phốt xupap Indo Sirius xăng cơ 2006 - 2010,Yamaha,phốt,30000,True,,,,,https://api-website.kimthanh.com.vn/pub/media/catalog/product/2/s/2s6-e2119-0000.jpg,https://kimthanh.com.vn/si-phot-xupap-indo.html
1PAE21190000,Phốt xupap Exciter 2015 150cc,Yamaha,phốt,25000,True,,,,,https://api-website.kimthanh.com.vn/pub/media/catalog/product/1/p/1pae21190000.jpg,https://kimthanh.com.vn/ex15-phot-xupap-4-cai-bo.html
55PE21190000,Phốt xupap Exciter 2011 135cc 5 số,Yamaha,Bạc đạn - Gon - Sim - Phốt Yamaha,35000,True,,,,,https://api-website.kimthanh.com.vn/media/catalog/product/placeholder.png,https://kimthanh.com.vn/ex11-phot-xupap.html
91202-K50-T01,Phốt trục khuỷu lớn Indo 20.8-52-6-7.5 Air Blade đời đầu,Honda,Phốt dên,20000,True,,,,,https://api-website.kimthanh.com.vn/pub/media/catalog/product/9/1/91202-K50-T01.webp,https://kimthanh.com.vn/ab07-phot-den-lon-indo-_-208-52-6-75.html
91202KVB901,Phốt trục khuỷu lớn Honda Việt 20.8-52-6-7.5 Air Blade đời đầu,Honda,Bạc đạn – Gon – Sim – Phốt Air Blade 2008 - 2010,30000,True,,,,,https://api-website.kimthanh.com.vn/pub/media/catalog/product/9/1/91202KVB901_1_2.jpg,https://kimthanh.com.vn/ab-phot-den-lon-20-8-52-6-7-5-hang.html
91307035000,Phốt thăm nhớt Honda Việt _ 18x3 Air Blade đời đầu,Honda,Bạc đạn - Gon - Sim - Phốt Air Blade,5000,True,,,,,https://api-website.kimthanh.com.vn/pub/media/catalog/product/9/1/91307035000_1_2.jpg,https://kimthanh.com.vn/ab-phot-loi-de.html
91352-KM1-003,Phốt pulley Thái Lan SH 350cc,,phốt,20000,True,,,,,https://api-website.kimthanh.com.vn/media/catalog/product/placeholder.png,https://kimthanh.com.vn/phot-pulley-thai-lan-sh-350cc.html
91211-K53-D01,Phốt pulley Thái Lan SH 300cc,Honda,phốt,80000,True,,,,,https://api-website.kimthanh.com.vn/pub/media/catalog/product/9/1/91211-k53-d01.webp,https://kimthanh.com.vn/sh300-phot-pulley-tl-2-cai-cap.html
91352KM1003,Phốt pulley SH 350cc,,phốt,55000,True,,,,,https://api-website.kimthanh.com.vn/media/catalog/product/placeholder.png,https://kimthanh.com.vn/phot-pulley-sh-350cc.html
91211K1GV01,Phốt pulley nồi sau Air Blade 2020 - 2021 đèn LED,,phốt,30000,True,,,,,https://api-website.kimthanh.com.vn/pub/media/catalog/product/wp-content/uploads/2024/10/91211K1GV01.jpg,https://kimthanh.com.vn/phot-pulley-noi-sau-air-blade-2020-2021-den-led.html
BJJE74650000,Phốt pulley Nozza Grande 2022,Yamaha,Bạc đạn - Gon - Sim - Phốt Yamaha,55000,True,,,,,https://api-website.kimthanh.com.vn/pub/media/catalog/product/b/j/bjje74650000.webp,https://kimthanh.com.vn/gran22-phot-pulley-2-cai-cap.html
2BME74650000,Phốt pulley Nozza Grande 2015,Yamaha,Bộ nồi Nozza - Grande,55000,True,,,,,https://api-website.kimthanh.com.vn/pub/media/catalog/product/2/b/2bme74650000.webp,https://kimthanh.com.vn/gran-pl-phot-pulley-cai.html
931043380100,Phốt pulley Nouvo 4 LX,Yamaha,Bạc đạn - Gon - Sim - Phốt Yamaha,85000,True,,,,,https://api-website.kimthanh.com.vn/media/catalog/product/placeholder.png,https://kimthanh.com.vn/no4-phot-pulley-kd-2-cai-bo.html
BJ7E74650000,Phốt pulley Janus 2016,Yamaha,phốt,30000,True,,,,,https://api-website.kimthanh.com.vn/pub/media/catalog/product/b/j/bj7e74650000.webp,https://kimthanh.com.vn/jan-phot-pulley-2-cai-cap-kd.html
91211K44V01,Phốt pulley 34-41-4 Air Blade đời đầu,Honda,phốt,45000,True,,,,,https://api-website.kimthanh.com.vn/pub/media/catalog/product/9/1/91211k44v01.webp,https://kimthanh.com.vn/ab-phot-pulley-vn-34-41-4-k44-kd.html
91211KN7671SS,Phốt pulley 34-41-4 Air Blade đời đầu,Honda,Bạc đạn - Gon - Sim - Phốt Air Blade,210000,True,,,,,https://api-website.kimthanh.com.vn/pub/media/catalog/product/9/1/91211kn7671ss_6.webp,https://kimthanh.com.vn/ab-phot-pulley-10-cai-34-41-4-kn7.html
91211K97T01,Phốt pulley 34-41-4 Air Blade đời đầu,,phốt,20000,True,,,,,https://api-website.kimthanh.com.vn/media/catalog/product/placeholder.png,https://kimthanh.com.vn/phot-pulley-vario-125cc-viet-nam-2024.html
91211KN7671,Phốt pulley 34-41-4 Air Blade đời đầu,,phốt,30000,True,,,,,https://api-website.kimthanh.com.vn/media/catalog/product/placeholder.png,https://kimthanh.com.vn/phot-pulley-34-41-4-air-blade-doi-dau.html
06451K59A71,Phốt piston heo dầu Vario 125cc Việt Nam 2024,,phốt,50000,True,,,,,https://api-website.kimthanh.com.vn/media/catalog/product/placeholder.png,https://kimthanh.com.vn/phot-piston-heo-dau-vario-125cc-viet-nam-2024.html
51490GAA305,Phốt phuộc trước Lead 2008,Honda,Giảm xóc Honda,110000,True,,,,,https://api-website.kimthanh.com.vn/pub/media/catalog/product/5/1/51490gaa305.webp,https://kimthanh.com.vn/lead-phot-phuoc-truoc.html
51490KL8900,Phốt phuộc trước + chụp bụi SH 2010,Honda,Giảm xóc Honda,90000,True,,,,,https://api-website.kimthanh.com.vn/pub/media/catalog/product/5/1/51490kl8900.webp,https://kimthanh.com.vn/sh10-phot-phuoc-truoc-chup-bui-1-ben.html
51490KGH901,Phốt phuộc + chụp bụi (1 bên) Wave Blade 2014,Honda,Phuộc trước,80000,True,,,,,https://api-website.kimthanh.com.vn/pub/media/catalog/product/5/1/51490KGH901.webp,https://kimthanh.com.vn/phot-phuoc-chup-bui-1-ben-wave-blade-2014.html
931011084300,Phốt nồi trước Sirius xăng cơ 2006 - 2010,Yamaha,Bạc đạn - Gon - Sim - Phốt Yamaha,25000,True,,,,,https://api-website.kimthanh.com.vn/pub/media/catalog/product/9/3/931011084300.webp,https://kimthanh.com.vn/si-phot-noi-truoc.html
931011080400,Phốt nồi trước Sirius 2006 xăng cơ,,phốt,20000,True,,,,,https://api-website.kimthanh.com.vn/media/catalog/product/placeholder.png,https://kimthanh.com.vn/phot-noi-truoc-sirius-2006-xang-co.html
931012380200,Phốt nồi trước Luvias xăng cơ,Yamaha,Bạc đạn - Gon - Sim - Phốt Yamaha,75000,True,,,,,https://api-website.kimthanh.com.vn/pub/media/catalog/product/9/3/931012380200.webp,https://kimthanh.com.vn/lu-phot-noi-truoc.html
44301GGE900,Trục bánh xe trước Lead 2007,Honda,Bánh xe Lead 2007,50000,True,,,,,https://api-website.kimthanh.com.vn/pub/media/catalog/product/4/4/44301gge900.webp,https://kimthanh.com.vn/lead-cot-dum-truoc.html
1114808,Nhông số AB - Bộ Bánh Răng Láp / Nhông Láp Xe AB 2008-2010,,bánh xe,1475000,True,,,,,https://api-website.kimthanh.com.vn/pub/media/catalog/product/1/1/1114808_1_2.jpg,https://kimthanh.com.vn/ab-nhong-so-tl.html
14321K0RV00,Bánh răng cam xe SH 2020,Honda,Hộp đầu quy lat SH VN 2020,130000,True,,,,,https://api-website.kimthanh.com.vn/pub/media/catalog/product/1/4/14321k0rv00.jpg,https://kimthanh.com.vn/sh20-banh-cam.html
15133-KVB-900,Bánh Răng Bơm Dầu Xe AB 2008-2010 (33 Răng),Honda,Bộ nồi Honda,65000,True,,,,,https://api-website.kimthanh.com.vn/pub/media/catalog/product/1/5/15133-kvb-900.jpg,https://kimthanh.com.vn/ab-banh-bom-nhot-indo-33t.html
14321-K0R-V00,Bánh căm TL xe SH2020,Honda,Hộp đầu quy lat SH VN 2020,70000,True,,,,,https://api-website.kimthanh.com.vn/pub/media/catalog/product/1/4/14321-k0r-v00.jpg,https://kimthanh.com.vn/sh20-banh-cam-tl.html
15133K0RD00,Bánh bơm nhớt cho xe SH 2020,Honda,Bơm nhớt - xăng SH VN 2020,115000,True,,,,,https://api-website.kimthanh.com.vn/media/catalog/product/placeholder.png,https://kimthanh.com.vn/sh20-banh-bom-nhot.html
50381K1FV00,Hộp đựng bình ắc quy xe Air Blade 2020,Honda,Dàn nhựa Honda,75000,True,,,,,https://api-website.kimthanh.com.vn/pub/media/catalog/product/5/0/50381k1fv00.webp,https://kimthanh.com.vn/ab20-hop-dung-binh.html
50381K66V00,Hộp đựng bình ắc quy xe Air Blade 2016,Honda,Phụ kiện,75000,True,,,,,https://api-website.kimthanh.com.vn/pub/media/catalog/product/5/0/50381k66v00.webp,https://kimthanh.com.vn/ab16-hop-binh-dien.html
64320K1NV00,Hộp đựng bình ác quy SH 2021,Honda,bình ắc quy,75000,True,,,,,https://api-website.kimthanh.com.vn/pub/media/catalog/product/6/4/64320k1nv00.webp,https://kimthanh.com.vn/sh21-hop-binh-dien.html
81320K2ZV00,Hộp Đựng Bình Ắc Quy Honda Air Blade 2022,Honda,bình ắc quy,65000,True,,,,,https://api-website.kimthanh.com.vn/pub/media/catalog/product/8/1/81320K2ZV00_1_2.jpg,https://kimthanh.com.vn/ab22-hop-binh-dien.html
50381-KVG-900,Hộp Đựng Bình Ắc Quy AB 2008-2010,Honda,bình ắc quy,200000,True,,,,,https://api-website.kimthanh.com.vn/pub/media/catalog/product/5/0/50381-kvg-900.webp,https://kimthanh.com.vn/ab-hop-binh-dien-sat-tl.html
32103KPH901,Dây điện bình ắc quy T Future Neo 2005,,bình ắc quy,165000,True,,,,,https://api-website.kimthanh.com.vn/pub/media/catalog/product/wp-content/uploads/2025/01/32103KPH901.jpg,https://kimthanh.com.vn/day-dien-binh-ac-quy-t-future-neo-2005.html
WP5-6 LONG,Bình ắc quy đèn sạc Globe,Ắc quy - Nhớt - Phụ gia,bình ắc quy,90000,True,,,,,https://api-website.kimthanh.com.vn/pub/media/catalog/product/W/P/WP5-6 LONG.webp,https://kimthanh.com.vn/gl-6v-long-20-cai-thung.html
WP12-12SE,Bình ắc quy xe đạp điện 12Ah Globe,Ắc quy - Nhớt - Phụ gia,bình ắc quy,380000,True,,,,,https://api-website.kimthanh.com.vn/media/catalog/product/placeholder.png,https://kimthanh.com.vn/gl-xe-dien-12-4-cai-thung.html
WP12-12NSE,Bình ắc quy xe đạp điện 12Ah Globe,Ắc quy - Nhớt - Phụ gia,bình ắc quy,385000,True,,,,,https://api-website.kimthanh.com.vn/pub/media/catalog/product/w/p/wp12-12nse.webp,https://kimthanh.com.vn/gl-xe-dien-12-vit-4-cai-thung.html
WP15-12SE,Bình ắc quy xe máy điện 15Ah Globe,,bình ắc quy,400000,True,,,,,https://api-website.kimthanh.com.vn/media/catalog/product/placeholder.png,https://kimthanh.com.vn/binh-ac-quy-xe-may-dien-15ah-globe.html
WTZ7L-BP,Bình ắc quy SH @ Dylan Globe,Ắc quy - Nhớt - Phụ gia,bình ắc quy,390000,True,,,,,https://api-website.kimthanh.com.vn/pub/media/catalog/product/w/t/wtz7l-bp.webp,https://kimthanh.com.vn/gl-8-cai-thung.html
WTZ7A-4BP,Bình ắc quy Nouvo Globe,Ắc quy - Nhớt - Phụ gia,bình ắc quy,370000,True,,,,,https://api-website.kimthanh.com.vn/pub/media/catalog/product/w/t/wtz7a-4bp.webp,https://kimthanh.com.vn/gl-nouvo-kho-10-cai-thung.html
WP7.5-12,Bình ắc quy máy tính UPS Globe,Ắc quy - Nhớt - Phụ gia,bình ắc quy,245000,True,,,,,https://api-website.kimthanh.com.vn/pub/media/catalog/product/w/p/wp7.5-12.webp,https://kimthanh.com.vn/gl-citi-kho-5-cai-thung.html
WTZ5S-E,Bình ắc quy Globe WTZ5S-E khô (10 cái/ thùng),Ắc quy - Nhớt - Phụ gia,bình ắc quy,220000,True,,,,,https://api-website.kimthanh.com.vn/pub/media/catalog/product/w/t/wtz5s-e.webp,https://kimthanh.com.vn/gl-86-kho-10-cai-thung.html
GS-GTZ5S,Bình ắc quy Future Neo Vision GS,Ắc quy - Nhớt - Phụ gia,bình ắc quy,240000,True,,,,,https://api-website.kimthanh.com.vn/pub/media/catalog/product/g/s/gs-gtz5s.webp,https://kimthanh.com.vn/gs-neo-tim-10-cai-thung.html
GS-GTZ5S-E,Bình ắc quy Future Neo Vision GS,Ắc quy - Nhớt - Phụ gia,bình ắc quy,220000,True,,,,,https://api-website.kimthanh.com.vn/pub/media/catalog/product/g/s/gs-gtz5s-e.webp,https://kimthanh.com.vn/gs-86-kho-xanh-dam-10-caithung.html
WP5S-3BP,Bình ắc quy Dream Wave Future Globe,Ắc quy - Nhớt - Phụ gia,bình ắc quy,250000,True,,,,,https://api-website.kimthanh.com.vn/pub/media/catalog/product/w/p/wp5s-3bp.webp,https://kimthanh.com.vn/gl-dream-kho-10-cai-thung.html
GS-GTZ6V,Bình ắc quy Air Blade SH mode GS,Ắc quy - Nhớt - Phụ gia,bình ắc quy,280000,True,,,,,https://api-website.kimthanh.com.vn/pub/media/catalog/product/g/s/gs-gtz6v.webp,https://kimthanh.com.vn/gs-fx-duong-10-cai-thung.html
GS-GT7A-H,Bình ắc quy @ SH Dylan GS,,bình ắc quy,400000,True,,,,,https://api-website.kimthanh.com.vn/media/catalog/product/placeholder.png,https://kimthanh.com.vn/gs-vang.html
TTZ14S,Bình ắc quy 14Ah SH 300cc,,bình ắc quy,2100000,True,,,,,https://api-website.kimthanh.com.vn/media/catalog/product/placeholder.png,https://kimthanh.com.vn/binh-ac-quy-14ah-sh-300cc.html
17572GGLJ00,Ron gioăng nắp bình xăng con Fi Air Blade đời đầu,,bình xăng con,30000,True,,,,,https://api-website.kimthanh.com.vn/media/catalog/product/placeholder.png,https://kimthanh.com.vn/ron-gioang-nap-binh-xang-con-fi-air-blade-doi-dau.html
16400K97T01,Họng xăng - có 2 cảm biến PCX 2017 - LED,,bình xăng con,2115000,True,,,,,https://api-website.kimthanh.com.vn/media/catalog/product/placeholder.png,https://kimthanh.com.vn/binh-xang-con-pcx-2017-led.html
16100-KVG-902,Bình xăng con xăng cơ Honda Thái Air Blade đời đầu,Honda,Họng ga Honda,2730000,True,,,,,https://api-website.kimthanh.com.vn/pub/media/catalog/product/wp-content/uploads/2024/07/16100-KVG-902.jpg,https://kimthanh.com.vn/ab-binh-xang-con-t-tl.html
16100K07941,Bình xăng con Wave RSX 2012,,bình xăng con,1405000,True,,,,,https://api-website.kimthanh.com.vn/media/catalog/product/placeholder.png,https://kimthanh.com.vn/binh-xang-con-wave-rsx-2012.html
16100K89V01,Bình xăng con Wave Blade 2017,Honda,Họng ga Wave Blade 2017,840000,True,,,,,https://api-website.kimthanh.com.vn/pub/media/catalog/product/1/6/16100K89V01_1.jpg,https://kimthanh.com.vn/wab17-binh-xang-con.html
16100K57V01,Bình xăng con Wave Blade 2014,Honda,Họng ga Wave,1030000,True,,,,,https://api-website.kimthanh.com.vn/pub/media/catalog/product/wp-content/uploads/2024/07/16100K57V01.jpg,https://kimthanh.com.vn/wab14-binh-xang-con.html
16100KTL641,Bình xăng con Wave Alpha 2006,,bình xăng con,1710000,True,,,,,https://api-website.kimthanh.com.vn/media/catalog/product/placeholder.png,https://kimthanh.com.vn/binh-xang-con-wave-alpha-2006.html
16100KRS901,Bình xăng con Wave Alpha 2002 đời đầu,,bình xăng con,1550000,True,,,,,https://api-website.kimthanh.com.vn/media/catalog/product/placeholder.png,https://kimthanh.com.vn/binh-xang-con-wave-alpha-2002-doi-dau.html
1S7-E4101-0200,Bình xăng con Thái Lan Exciter 2010 135cc 4 số,Yamaha,Họng ga Yamaha,2030000,True,,,,,https://api-website.kimthanh.com.vn/media/catalog/product/placeholder.png,https://kimthanh.com.vn/ex10-binh-xang-con-tl.html
16SE41010000,Bình xăng con Taurus,Yamaha,Họng ga Yamaha,1155000,True,,,,,https://api-website.kimthanh.com.vn/media/catalog/product/placeholder.png,https://kimthanh.com.vn/tau-binh-xang-con.html
16100KTM972,Bình xăng con T Future Neo 2005,,bình xăng con,2620000,True,,,,,https://api-website.kimthanh.com.vn/pub/media/catalog/product/wp-content/uploads/2025/01/16100KTM972.jpg,https://kimthanh.com.vn/binh-xang-con-t-future-neo-2005.html
B6AE41010000,Bình xăng con Sirius xăng cơ - 4 ống 2017 - 2022,Yamaha,Họng ga Yamaha,1280000,True,,,,,https://api-website.kimthanh.com.vn/media/catalog/product/placeholder.png,https://kimthanh.com.vn/si-binh-xang-con-b6a.html
5B9E41010100,Bình xăng con Sirius xăng cơ - 3 ống 2006 - 2010,,bình xăng con,1680000,True,,,,,https://api-website.kimthanh.com.vn/media/catalog/product/placeholder.png,https://kimthanh.com.vn/binh-xang-con-sirius-2006-xang-co.html
5P1E49010400,Bình xăng con Nouvo 4 LX,Yamaha,Họng ga Yamaha,4420000,True,,,,,https://api-website.kimthanh.com.vn/media/catalog/product/placeholder.png,https://kimthanh.com.vn/no4-binh-xang-con.html
5P1E49010100,Bình xăng con Nouvo 4 LX,,bình xăng con,3390000,True,,,,,https://api-website.kimthanh.com.vn/media/catalog/product/placeholder.png,https://kimthanh.com.vn/binh-xang-con-nouvo-4-lx.html
4D1E49010100,Bình xăng con Mio 2004 đời đầu,Yamaha,Họng ga Yamaha,2235000,True,,,,,https://api-website.kimthanh.com.vn/media/catalog/product/placeholder.png,https://kimthanh.com.vn/mio-binh-xang-con.html
44SE49010000,Bình xăng con Luvias xăng cơ,,bình xăng con,2865000,True,,,,,https://api-website.kimthanh.com.vn/media/catalog/product/placeholder.png,https://kimthanh.com.vn/binh-xang-con-luvias-xang-co.html
44DE49010000,Bình xăng con Luvias,Yamaha,Họng ga Yamaha,2745000,True,,,,,https://api-website.kimthanh.com.vn/pub/media/catalog/product/4/4/44de49010000.jpg,https://kimthanh.com.vn/lu-binh-xang-con.html
50CE49010000,Bình xăng con Indo Exciter 2011 135cc 5 số,,bình xăng con,2160000,True,,,,,https://api-website.kimthanh.com.vn/media/catalog/product/placeholder.png,https://kimthanh.com.vn/binh-xang-con-indo-exciter-2011-135cc-5-so.html
1110561,Bình xăng con hãng Attila 2004 2005,,bình xăng con,1795000,True,,,,,https://api-website.kimthanh.com.vn/pub/media/catalog/product/1/1/1110561.webp,https://kimthanh.com.vn/ati-binh-xang-con-hang.html
16100KTM904,Bình xăng con Future II,,bình xăng con,1600000,True,,,,,https://api-website.kimthanh.com.vn/media/catalog/product/placeholder.png,https://kimthanh.com.vn/binh-xang-con-future-ii.html
16100KYZV61,Bình xăng con Future 125cc 2013,Honda,Họng ga Honda,1560000,True,,,,,https://api-website.kimthanh.com.vn/media/catalog/product/placeholder.png,https://kimthanh.com.vn/fu13-binh-xang-con.html
2NDE37500200,Bình xăng con Exciter 2015 150cc,Yamaha,Xi Nhan Yamaha,1185000,True,,,,,https://api-website.kimthanh.com.vn/media/catalog/product/placeholder.png,https://kimthanh.com.vn/ex15-binh-xang-con.html
2NDE37500100,Bình xăng con Exciter 2015 150cc,,bình xăng con,1160000,True,,,,,https://api-website.kimthanh.com.vn/media/catalog/product/placeholder.png,https://kimthanh.com.vn/binh-xang-con-exciter-2015-150cc.html
55DE49011000,Bình xăng con Exciter 2011 135cc 5 số,Yamaha,Họng ga Yamaha,2595000,True,,,,,https://api-website.kimthanh.com.vn/media/catalog/product/placeholder.png,https://kimthanh.com.vn/ex11-binh-xang-con.html
55DE49010000,Bình xăng con Exciter 2011 135cc 5 số,,bình xăng con,2445000,True,,,,,https://api-website.kimthanh.com.vn/media/catalog/product/placeholder.png,https://kimthanh.com.vn/binh-xang-con-exciter-2011-135cc-5-so.html
1S9E41010200,Bình xăng con Exciter 2010 135cc 4 số,Yamaha,Họng ga Yamaha,2890000,True,,,,,https://api-website.kimthanh.com.vn/media/catalog/product/placeholder.png,https://kimthanh.com.vn/ex10-binh-xang-con.html
16100KWWV01,Bình xăng con 2009 Wave S/RS 110cc,,bình xăng con,2195000,True,,,,,https://api-website.kimthanh.com.vn/media/catalog/product/placeholder.png,https://kimthanh.com.vn/binh-xang-con-2009-wave-srs-110cc.html
44650K0RV00ZA,Mâm xe SH 2020,Honda,Mâm xe,2510000,True,,,,,https://api-website.kimthanh.com.vn/media/catalog/product/placeholder.png,https://kimthanh.com.vn/sh20-mam-truoc-cbs.html
22100K56N11,Đế bắt bố nồi Winner 2016 V1 đời đầu,,bộ nồi,3975000,True,,,,,https://api-website.kimthanh.com.vn/media/catalog/product/placeholder.png,https://kimthanh.com.vn/de-bat-bo-noi-winner-2016-v1-doi-dau.html
22110K09L01,Đế bắt bố nồi Wave Blade 2014,,bộ nồi,285000,True,,,,,https://api-website.kimthanh.com.vn/pub/media/catalog/product/wp-content/uploads/2024/11/22110K09L01.jpg,https://kimthanh.com.vn/de-bat-bo-noi-wave-blade-2014.html
22110KRS920,Đế bắt bố nồi Wave Alpha 2002 đời đầu,,bộ nồi,450000,True,,,,,https://api-website.kimthanh.com.vn/media/catalog/product/placeholder.png,https://kimthanh.com.vn/de-bat-bo-noi-wave-alpha-2002-doi-dau.html
22110KFLD00,Đế bắt bố nồi Wave Alpha 2002 đời đầu,Honda,Nồi trước,420000,True,,,,,https://api-website.kimthanh.com.vn/pub/media/catalog/product/2/2/22110KFLD00.webp,https://kimthanh.com.vn/wa02-de-bat-bo-noi.html
16SE61500000,Đế bắt bố nồi Taurus,Yamaha,Bộ nồi Yamaha,475000,True,,,,,https://api-website.kimthanh.com.vn/media/catalog/product/placeholder.png,https://kimthanh.com.vn/tau-de-bat-bo-noi.html
22100KYZ901,Đế bắt bố nồi T Future Neo 2005,Honda,Bộ nồi Honda,515000,True,,,,,https://api-website.kimthanh.com.vn/pub/media/catalog/product/2/2/22100kyz901.jpg,https://kimthanh.com.vn/fu13-de-bat-bo-noi-t.html
B6AE61500000,Đế bắt bố nồi Sirius xăng cơ 2006 - 2010,Yamaha,Bộ nồi Yamaha,325000,True,,,,,https://api-website.kimthanh.com.vn/media/catalog/product/placeholder.png,https://kimthanh.com.vn/de-bat-bo-noi-sirius-2010.html
1FCE61500100,Đế bắt bố nồi Sirius phun xăng Fi 2013,Yamaha,Bộ nồi Yamaha,480000,True,,,,,https://api-website.kimthanh.com.vn/media/catalog/product/placeholder.png,https://kimthanh.com.vn/bo-noi-sirius-2013.html
5B9E61500000,Đế bắt bố nồi Sirius 2006 xăng cơ,,bộ nồi,310000,True,,,,,https://api-website.kimthanh.com.vn/media/catalog/product/placeholder.png,https://kimthanh.com.vn/de-bat-bo-noi-sirius-2006-xang-co.html
1PBE61500000,Đế bắt bố nồi Jupiter Fi 2014,Yamaha,Bộ nồi Yamaha,435000,True,,,,,https://api-website.kimthanh.com.vn/pub/media/catalog/product/1/p/1pbe61500000.jpg,https://kimthanh.com.vn/ju14-de-bat-bo-noi.html
22100KPH880,Đế bắt bố nồi Future Neo 2005,Honda,Nồi trước,535000,True,,,,,https://api-website.kimthanh.com.vn/pub/media/catalog/product/2/2/22100KPH880.webp,https://kimthanh.com.vn/de-bat-bo-noi-future-neo-2005.html
22100K73T31,Đế bắt bố nồi Fi Future 125cc 2013,Honda,Bộ nồi Honda,440000,True,,,,,https://api-website.kimthanh.com.vn/pub/media/catalog/product/2/2/22100k73t31.jpg,https://kimthanh.com.vn/fu13-de-bat-bo-noi-fi.html
B5VE61500000,Đế bắt bố nồi Exciter 2021 155cc VVA,Yamaha,Bộ nồi Yamaha,605000,True,,,,,https://api-website.kimthanh.com.vn/media/catalog/product/placeholder.png,https://kimthanh.com.vn/ex21-de-bat-bo-noi.html
2NDE61500000,Đế bắt bố nồi Exciter 2015 150cc,Yamaha,Bộ nồi Yamaha,600000,True,,,,,https://api-website.kimthanh.com.vn/media/catalog/product/placeholder.png,https://kimthanh.com.vn/ex15-de-bat-bo-noi.html
55PE61500000,Đế bắt bố nồi Exciter 2011 135cc 5 số,Yamaha,Bộ nồi Yamaha,740000,True,,,,,https://api-website.kimthanh.com.vn/pub/media/catalog/product/5/5/55pe61500000.jpg,https://kimthanh.com.vn/de-bat-bo-noi-exciter-2011.html
22110KWW741,Đế bắt bố nồi 2012 Wave S/RS 110cc,,bộ nồi,385000,True,,,,,https://api-website.kimthanh.com.vn/pub/media/catalog/product/wp-content/uploads/2024/11/22110KWW741.jpg,https://kimthanh.com.vn/de-bat-bo-noi-2012-wave-srs-110cc.html
22110KWB601,Đế bắt bố nồi 2009 Wave S/RS 110cc,,bộ nồi,355000,True,,,,,https://api-website.kimthanh.com.vn/pub/media/catalog/product/wp-content/uploads/2024/11/22110KWB601.jpg,https://kimthanh.com.vn/de-bat-bo-noi-2009-wave-srs-110cc.html
5P7E61500000,Đế bắt bố nồi 2 càng Exciter 2010 135cc 4 số,Yamaha,Bộ nồi Yamaha,660000,True,,,,,https://api-website.kimthanh.com.vn/pub/media/catalog/product/5/p/5p7e61500000.jpg,https://kimthanh.com.vn/de-bat-bo-noi-2-cang-exciter-2010.html
5YPE61500000,Đế bắt bố nồi 1 càng Exciter 2010 135cc 4 số,Yamaha,Bộ nồi Yamaha,1075000,True,,,,,https://api-website.kimthanh.com.vn/media/catalog/product/placeholder.png,https://kimthanh.com.vn/de-1-cang-bat-bo-noi-exciter-2010.html
1S9E61500000,Đế bắt bố nồi 1 càng Exciter 2010 135cc 4 số,,bộ nồi,725000,True,,,,,https://api-website.kimthanh.com.vn/media/catalog/product/placeholder.png,https://kimthanh.com.vn/de-bat-bo-noi-1-cang-exciter-2010-135cc-4-so.html
83751KVGV40ZF,Nối ốp sườn đồng Air Blade 2011 2012 đầu bò,Honda,Dàn nhựa Honda,80000,True,,,,,https://api-website.kimthanh.com.vn/pub/media/catalog/product/8/3/83751kvgv40zf.webp,https://kimthanh.com.vn/ab11-rua-dong.html
83751KVGV40ZA,Nối ốp sườn đỏ Air Blade 2011 2012 đầu bò,Honda,Dàn nhựa Honda,80000,True,,,,,https://api-website.kimthanh.com.vn/pub/media/catalog/product/8/3/83751kvgv40za.webp,https://kimthanh.com.vn/ab11-rua-do.html
83751KVGV40ZD,Nối ốp sườn đen Air Blade 2011 2012 đầu bò,Honda,Dàn nhựa Honda,80000,True,,,,,https://api-website.kimthanh.com.vn/pub/media/catalog/product/8/3/83751kvgv40zd.webp,https://kimthanh.com.vn/ab11-rua-den.html
83751KVGV40ZE,Nối ốp sườn xám Air Blade 2011 2012 đầu bò,Honda,bộ nồi,80000,True,,,,,https://api-website.kimthanh.com.vn/pub/media/catalog/product/8/3/83751kvgv40ze.webp,https://kimthanh.com.vn/ab11-rua-xam.html
83751KVGV40ZB,Nối ốp sườn bạc Air Blade 2011 2012 đầu bò,Honda,Dàn nhựa Honda,80000,True,,,,,https://api-website.kimthanh.com.vn/pub/media/catalog/product/8/3/83751KVGV40ZB_1_3.jpg,https://kimthanh.com.vn/ab11-rua-bac.html
5P0E54110000,Nắp nồi No4 | Bộ nắp Nouvo,Yamaha,Bộ nồi Yamaha,1070000,True,,,,,https://api-website.kimthanh.com.vn/pub/media/catalog/product/5/p/5p0e54110000.jpg,https://kimthanh.com.vn/no4-nap-noi.html
11341GGE900,Nắp nồi Lead | Bộ nắp xe Lead,Honda,bộ nồi,540000,True,,,,,https://api-website.kimthanh.com.vn/media/catalog/product/placeholder.png,https://kimthanh.com.vn/lead-nap-noi.html
11340KVGV41,Nắp nồi bạc Air Blade 2011 2012 đầu bò,Honda,Bộ nồi Honda,900000,True,,,,,https://api-website.kimthanh.com.vn/pub/media/catalog/product/1/1/11340KVGV41_1_3.jpg,https://kimthanh.com.vn/ab11-nap-noi-bac.html
21200K2CV00,Lốc hộp số Vision | Bộ nắp nồi Vision,Honda,bộ nồi,730000,True,,,,,https://api-website.kimthanh.com.vn/pub/media/catalog/product/2/1/21200k2cv00.jpg,https://kimthanh.com.vn/vis21-nap-hop-so.html
22401K09L01,Lò xo nồi Wave Alpha 2017 LED,Honda,Bộ nồi Wave Alpha 2017,20000,True,,,,,https://api-website.kimthanh.com.vn/pub/media/catalog/product/2/2/22401k09l01.jpg,https://kimthanh.com.vn/wa17-lo-xo-noi-4-cai-bo.html
22401KYZ901,Lò xo nồi Future 125cc 2013,Honda,Bộ nồi Honda,20000,True,,,,,https://api-website.kimthanh.com.vn/pub/media/catalog/product/2/2/22401kyz901.jpg,https://kimthanh.com.vn/fu13-lo-xo-noi-6-cai-bo.html
22321-KWW-742,Lá sắt nồi Thái Lan Winner - Sonic 2016 - 2019,Honda,Bộ nồi Winner-Sonic,70000,True,,,,,https://api-website.kimthanh.com.vn/pub/media/catalog/product/2/2/22321-kww-742.jpg,https://kimthanh.com.vn/bo-noi-winner-v1-2016-la-sat-tl-4-cai-bo.html
B5VE63240000,Lá sắt nhỏ bố nồi Exciter 2021 VVA,,bộ nồi,50000,True,,,,,https://api-website.kimthanh.com.vn/media/catalog/product/placeholder.png,https://kimthanh.com.vn/la-sat-nho-bo-noi-exciter-2021-vva.html
B5VE63250000,Lá sắt lớn bố nồi Exciter 2021 VVA,,bộ nồi,50000,True,,,,,https://api-website.kimthanh.com.vn/pub/media/catalog/product/wp-content/uploads/2025/01/83510KTL640ZB.jpg,https://kimthanh.com.vn/la-sat-lon-bo-noi-exciter-2021-vva.html
2B5E76530000,Cao su nồi trước Nouvo 2,Yamaha,Bộ nồi Yamaha,25000,True,,,,,https://api-website.kimthanh.com.vn/media/catalog/product/placeholder.png,https://kimthanh.com.vn/no2-cao-su-noi-truoc-3-cai-bo-2b5.html
BJJE76530000,Cao su nồi trước Nouvo 2,Yamaha,Bộ nồi Yamaha,25000,True,,,,,https://api-website.kimthanh.com.vn/pub/media/catalog/product/b/j/bjje76530000.webp,https://kimthanh.com.vn/no2-cao-su-noi-truoc-3-cai-bo-bjj-kd.html
22804KPH880,Cao su nồi sau Việt Nam SH Ý 2008,Honda,Bộ nồi SH Ý 2008 (150cc),10000,True,,,,,https://api-website.kimthanh.com.vn/pub/media/catalog/product/2/2/22804KPH880.webp,https://kimthanh.com.vn/sh08-cao-su-noi-sau-vn-3-cai-bo.html
22804-148-000,Cao su nồi sau TL (3 cái/bộ) PCX 2010,Honda,Bộ nồi PCX 2010,75000,True,,,,,https://api-website.kimthanh.com.vn/pub/media/catalog/product/2/2/22804-148-000.webp,https://kimthanh.com.vn/pcx-cao-su-noi-sau-tl-3-cai-bo.html
22110K1NV00,Bộ nồi trước SH 2021,Honda,Bộ nồi SH,190000,True,,,,,https://api-website.kimthanh.com.vn/media/catalog/product/placeholder.png,https://kimthanh.com.vn/sh21-mam-bi.html
44SE76320000,Bộ nồi Luvias | Lu-Bi nồi (6 cục/bộ),Yamaha,Bộ nồi Yamaha,25000,True,,,,,https://api-website.kimthanh.com.vn/pub/media/catalog/product/4/4/44SE76320000.webp,https://kimthanh.com.vn/bi-noi-6-cuc-bo-luvias-2010.html
1DBF83D300P5,Ốp xi nhan đồng trái Nouvo 5 SX,Yamaha,Xi Nhan Yamaha,35000,True,,,,,https://api-website.kimthanh.com.vn/pub/media/catalog/product/1/d/1dbf83d300p5.jpg,https://kimthanh.com.vn/no5-op-xi-nhan-dong-l.html
1DBF83D400P5,Ốp xi nhan đồng phải Nouvo 5 SX,Yamaha,Xi Nhan Yamaha,35000,True,,,,,https://api-website.kimthanh.com.vn/media/catalog/product/placeholder.png,https://kimthanh.com.vn/no5-op-xi-nhan-dong-r.html
2XCF83D300P3,Ốp xi nhan đô đậm trái Nouvo 6,Yamaha,Dàn nhựa Yamaha,55000,True,,,,,https://api-website.kimthanh.com.vn/media/catalog/product/placeholder.png,https://kimthanh.com.vn/no6-op-xi-nhan-do-dam-l-918.html
2XCF83D400P3,Ốp xi nhan đô đậm phải Nouvo 6,Yamaha,Dàn nhựa Yamaha,60000,True,,,,,https://api-website.kimthanh.com.vn/media/catalog/product/placeholder.png,https://kimthanh.com.vn/no6-op-xi-nhan-r-918-mau.html
1DBF83D300P1,Ốp xi nhan đô trái Nouvo 5 SX,Yamaha,Xi Nhan Yamaha,35000,True,,,,,https://api-website.kimthanh.com.vn/media/catalog/product/placeholder.png,https://kimthanh.com.vn/no5-op-xi-nhan-tuoi-l.html
1DBF83D400P1,Ốp xi nhan đô phải Nouvo 5 SX,Yamaha,Xi Nhan Yamaha,35000,True,,,,,https://api-website.kimthanh.com.vn/pub/media/catalog/product/1/d/1dbf83d400p1.jpg,https://kimthanh.com.vn/no5-op-xi-nhan-tuoi-r.html
2XCF83D300P2,Ốp xi nhan đô lợt trái Nouvo 6,Yamaha,Dàn nhựa Yamaha,55000,True,,,,,https://api-website.kimthanh.com.vn/media/catalog/product/placeholder.png,https://kimthanh.com.vn/no6-op-xi-nhan-do-lot-l-1218.html
2XCF83D400P2,Ốp xi nhan đô lợt phải Nouvo 6,Yamaha,Dàn nhựa Yamaha,60000,True,,,,,https://api-website.kimthanh.com.vn/media/catalog/product/placeholder.png,https://kimthanh.com.vn/no6-op-xi-nhan-do-lot-r-1218.html
B8AF834500P9,Ốp xi nhan đô bóng trái Nozza Grande 2019,Yamaha,Xi Nhan Yamaha,155000,True,,,,,https://api-website.kimthanh.com.vn/pub/media/catalog/product/b/8/b8af834500p9.webp,https://kimthanh.com.vn/gran19-op-xi-nhan-do-bong-l.html
B8AF834600P9,Ốp xi nhan đô bóng phải Nozza Grande 2019,Yamaha,Xi Nhan Yamaha,160000,True,,,,,https://api-website.kimthanh.com.vn/pub/media/catalog/product/b/8/b8af834600p9.webp,https://kimthanh.com.vn/gran19-op-xi-nhan-do-bong-r.html
2BMF83450100,Ốp xi nhan đen trái Nozza Grande 2015,Yamaha,Xi Nhan Yamaha,80000,True,,,,,https://api-website.kimthanh.com.vn/pub/media/catalog/product/2/b/2bmf83450100.jpg,https://kimthanh.com.vn/gran-op-xi-nhan-den-l-2.html
2BMF83450000,Ốp xi nhan đen trái Nozza Grande 2015,Yamaha,Xi Nhan Yamaha,75000,True,,,,,https://api-website.kimthanh.com.vn/pub/media/catalog/product/2/b/2bmf83450000.jpg,https://kimthanh.com.vn/gran-op-xi-nhan-den-l.html
2XCF83D300P0,Ốp xi nhan đen trái Nouvo 6,Yamaha,Xi Nhan Yamaha,55000,True,,,,,https://api-website.kimthanh.com.vn/pub/media/catalog/product/2/x/2xcf83d300p0.jpg,https://kimthanh.com.vn/no6-op-xi-nhan-den-l.html
2BMF83460000,Ốp xi nhan đen phải Nozza Grande 2015,Yamaha,Xi Nhan Yamaha,75000,True,,,,,https://api-website.kimthanh.com.vn/pub/media/catalog/product/2/b/2bmf83460000.jpg,https://kimthanh.com.vn/gran-op-xi-nhan-den-r.html
2BMF83460100,Ốp xi nhan đen phải Nozza Grande 2015,Yamaha,Xi Nhan Yamaha,80000,True,,,,,https://api-website.kimthanh.com.vn/pub/media/catalog/product/2/b/2bmf83460100.jpg,https://kimthanh.com.vn/gran-op-xi-nhan-den-r-kd.html
2XCF83D400P0,Ốp xi nhan đen phải Nouvo 6,Yamaha,Xi Nhan Yamaha,60000,True,,,,,https://api-website.kimthanh.com.vn/media/catalog/product/placeholder.png,https://kimthanh.com.vn/no6-op-xi-nhan-den-r.html
B8AF834500PD,Ốp xi nhan đen mờ trái Nozza Grande 2019,Yamaha,Xi Nhan Yamaha,155000,True,,,,,https://api-website.kimthanh.com.vn/media/catalog/product/placeholder.png,https://kimthanh.com.vn/gran19-op-xi-nhan-den-mo-l.html
1DBF83D300P0,Ốp xi nhan đen mờ trái Nouvo 5 SX,Yamaha,Xi Nhan Yamaha,35000,True,,,,,https://api-website.kimthanh.com.vn/pub/media/catalog/product/1/d/1dbf83d300p0.jpg,https://kimthanh.com.vn/no5-op-xi-nhan-den-mo-l.html
B8AF834600PD,Ốp xi nhan đen mờ phải Nozza Grande 2019,Yamaha,Xi Nhan Yamaha,155000,True,,,,,https://api-website.kimthanh.com.vn/pub/media/catalog/product/b/8/b8af834600pd.webp,https://kimthanh.com.vn/gran19-op-xi-nhan-den-mo-r.html
1DBF83D400P0,Ốp xi nhan đen mờ phải Nouvo 5 SX,Yamaha,Xi Nhan Yamaha,35000,True,,,,,https://api-website.kimthanh.com.vn/pub/media/catalog/product/1/d/1dbf83d400p0.jpg,https://kimthanh.com.vn/no5-op-xi-nhan-den-mo-r.html
B8AF834500P4,Ốp xi nhan đen bóng trái Nozza Grande 2019,Yamaha,Xi Nhan Yamaha,160000,True,,,,,https://api-website.kimthanh.com.vn/pub/media/catalog/product/b/8/b8af834500p4.webp,https://kimthanh.com.vn/gran19-op-xi-nhan-den-bong-l.html
1DBF83D300P4,Ốp xi nhan đen bóng trái Nouvo 5 SX,Yamaha,Xi Nhan Yamaha,35000,True,,,,,https://api-website.kimthanh.com.vn/pub/media/catalog/product/1/d/1dbf83d300p4.jpg,https://kimthanh.com.vn/no5-op-xi-nhan-den-bong-l.html
B8AF834600P4,Ốp xi nhan đen bóng phải Nozza Grande 2019,Yamaha,Xi Nhan Yamaha,155000,True,,,,,https://api-website.kimthanh.com.vn/media/catalog/product/placeholder.png,https://kimthanh.com.vn/gran19-op-xi-nhan-den-bong-r.html
1DBF83D400P4,Ốp xi nhan đen bóng phải Nouvo 5 SX,Yamaha,Xi Nhan Yamaha,35000,True,,,,,https://api-website.kimthanh.com.vn/pub/media/catalog/product/1/d/1dbf83d400p4.jpg,https://kimthanh.com.vn/no5-op-xi-nhan-den-bong-r.html
B8AF834500PB,Ốp xi nhan xám đậm trái Nozza Grande 2019,Yamaha,Xi Nhan Yamaha,155000,True,,,,,https://api-website.kimthanh.com.vn/pub/media/catalog/product/b/8/b8af834500pb.webp,https://kimthanh.com.vn/gran19-op-xi-nhan-xam-dam-l.html
2XCF83D300P4,Ốp xi nhan xám đậm trái Nouvo 6,Yamaha,Dàn nhựa Yamaha,55000,True,,,,,https://api-website.kimthanh.com.vn/media/catalog/product/placeholder.png,https://kimthanh.com.vn/no6-op-xi-nhan-l-1086-mau.html
B8AF834600PB,Ốp xi nhan xám đậm phải Nozza Grande 2019,Yamaha,Xi Nhan Yamaha,155000,True,,,,,https://api-website.kimthanh.com.vn/media/catalog/product/placeholder.png,https://kimthanh.com.vn/gran19-op-xi-nhan-xam-dam-r.html
2XCF83D400P4,Ốp xi nhan xám đậm phải Nouvo 6,Yamaha,Dàn nhựa Yamaha,60000,True,,,,,https://api-website.kimthanh.com.vn/media/catalog/product/placeholder.png,https://kimthanh.com.vn/no6-op-xi-nhan-r-1086-mau.html
B8AF834500P1,Ốp xi nhan xám lợt trái Nozza Grande 2019,Yamaha,Xi Nhan Yamaha,155000,True,,,,,https://api-website.kimthanh.com.vn/pub/media/catalog/product/b/8/b8af834500p1.webp,https://kimthanh.com.vn/gran19-op-xi-nhan-xam-lot-l.html
1DBF83D300P6,Ốp xi nhan xám lợt trái Nouvo 5 SX,Yamaha,Dàn nhựa Yamaha,35000,True,,,,,https://api-website.kimthanh.com.vn/pub/media/catalog/product/1/d/1dbf83d300p6.webp,https://kimthanh.com.vn/no5-op-xi-nhan-xam-lot-l-1158.html
B8AF834600P1,Ốp xi nhan xám lợt phải Nozza Grande 2019,Yamaha,Xi Nhan Yamaha,155000,True,,,,,https://api-website.kimthanh.com.vn/pub/media/catalog/product/b/8/b8af834600p1.webp,https://kimthanh.com.vn/gran19-op-xi-nhan-xam-lot-r.html
1DBF83D400P6,Ốp xi nhan xám lợt phải Nouvo 5 SX,Yamaha,Dàn nhựa Yamaha,40000,True,,,,,https://api-website.kimthanh.com.vn/pub/media/catalog/product/1/d/1dbf83d400p6.jpg,https://kimthanh.com.vn/no5-op-xi-nhan-xam-r-mau-1158.html
B8AF834500P5,Ốp xi nhan xám chì trái Nozza Grande 2019,Yamaha,Xi Nhan Yamaha,155000,True,,,,,https://api-website.kimthanh.com.vn/media/catalog/product/placeholder.png,https://kimthanh.com.vn/gran19-op-xi-nhan-xam-chi-l.html
B8AF834600P5,Ốp xi nhan xám chì phải Nozza Grande 2019,Yamaha,Xi Nhan Yamaha,155000,True,,,,,https://api-website.kimthanh.com.vn/pub/media/catalog/product/b/8/b8af834600p5.webp,https://kimthanh.com.vn/gran19-op-xi-nhan-xam-chi-r.html
B8AF834500P3,Ốp xi nhan tươi trái Nozza Grande 2019,Yamaha,Xi Nhan Yamaha,155000,True,,,,,https://api-website.kimthanh.com.vn/pub/media/catalog/product/b/8/b8af834500p3.webp,https://kimthanh.com.vn/gran19-op-xi-nhan-tuoi-l.html
B8AF834600P3,Ốp xi nhan tươi phải Nozza Grande 2019,Yamaha,Xi Nhan Yamaha,155000,True,,,,,https://api-website.kimthanh.com.vn/media/catalog/product/placeholder.png,https://kimthanh.com.vn/gran19-op-xi-nhan-tuoi-r.html
1DBF83D300P3,Ốp xi nhan tím trái Nouvo 5 SX,Yamaha,Xi Nhan Yamaha,35000,True,,,,,https://api-website.kimthanh.com.vn/pub/media/catalog/product/1/d/1dbf83d300p3.jpg,https://kimthanh.com.vn/no5-op-xi-nhan-tim-l.html
1DBF83D400P3,Ốp xi nhan tím phải Nouvo 5 SX,Yamaha,Xi Nhan Yamaha,35000,True,,,,,https://api-website.kimthanh.com.vn/pub/media/catalog/product/1/d/1dbf83d400p3.jpg,https://kimthanh.com.vn/no5-op-xi-nhan-tim-r.html
B8AF834500P8,Ốp xi nhan trắng xà cừ trái Nozza Grande 2019,Yamaha,Xi Nhan Yamaha,155000,True,,,,,https://api-website.kimthanh.com.vn/pub/media/catalog/product/b/8/b8af834500p8.webp,https://kimthanh.com.vn/gran19-op-xi-nhan-trang-xa-cu-l.html
B8AF834600P8,Ốp xi nhan trắng xà cừ phải Nozza Grande 2019,Yamaha,Xi Nhan Yamaha,155000,True,,,,,https://api-website.kimthanh.com.vn/media/catalog/product/placeholder.png,https://kimthanh.com.vn/gran19-op-xi-nhan-trang-xa-cu-r.html
1FCF47301200,Yên Xe Máy Sirius Fi,Yamaha,yên xe máy,435000,True,,,,,https://api-website.kimthanh.com.vn/pub/media/catalog/product/1/f/1fcf47301200.jpg,https://kimthanh.com.vn/si14-yen-doi-dau-xai-ko-duoc-kd.html
81250K29900,Khoang chứa đồ bên dưới yên xe máy Honda SH 2013,Honda,yên xe máy,300000,True,,,,,https://api-website.kimthanh.com.vn/pub/media/catalog/product/8/1/81250k29900.webp,https://kimthanh.com.vn/sh13-thung-hanh-ly.html
43251K56V01,Đĩa thắng Winner X/ đĩa phanh Winner X,Honda,Đĩa thắng Winner,385000,True,,,,,https://api-website.kimthanh.com.vn/media/catalog/product/placeholder.png,https://kimthanh.com.vn/win-dia-thang-sau.html
43251K01900,Đĩa thắng (phanh) sau SH 2012,Honda,Đĩa thắng SH,605000,True,,,,,https://api-website.kimthanh.com.vn/media/catalog/product/placeholder.png,https://kimthanh.com.vn/sh12-dia-thang-sau.html
53175-KSP-B51,Tay Thắng Sonic | Tay Phanh Tay Côn Sonic R,Honda,Phanh - Thắng Winner - Sonic,100000,True,,,,,https://api-website.kimthanh.com.vn/pub/media/catalog/product/5/3/53175-ksp-b51.webp,https://kimthanh.com.vn/so-tay-thang-r.html
1S9F583T0300,Tay Thắng Sirius - Tay Phanh Sirius,Yamaha,Phanh - Thắng Yamaha,625000,True,,,,,https://api-website.kimthanh.com.vn/media/catalog/product/placeholder.png,https://kimthanh.com.vn/si-tay-dau-den-bong-1s9.html
43450K35V01,Dây thắng sau (Dây 2 kết nối phanh sau) PCX 2010,Honda,Phanh - Thắng PCX 2010,155000,True,,,,,https://api-website.kimthanh.com.vn/media/catalog/product/placeholder.png,https://kimthanh.com.vn/pcx-day-thang-sau.html
43410KWN900,Cần kéo phanh sau (Bas thắng sau) PCX 2010,Honda,Phanh - Thắng PCX 2010,60000,True,,,,,https://api-website.kimthanh.com.vn/pub/media/catalog/product/4/3/43410kwn900.webp,https://kimthanh.com.vn/pcx-bas-thang-sau.html
